0,1,2,3
<<<<<<< HEAD
 84,3,60,0.25
 72,59,117,0.25
 77,121,179,0.25
 84,178,237,0.25
 83,239,297,0.25
 74,300,359,0.25
 77,363,422,0.25
 83,418,474,0.25
 82,479,536,0.25
 72,541,601,0.25
 76,602,663,0.25
 82,658,716,0.25
 81,719,839,0.5
 72,723,843,0.5
 77,959,1019,0.25
 81,959,1020,0.25
 71,959,1015,0.25
 79,1018,1077,0.25
 77,1080,1138,0.25
 74,1143,1203,0.25
 77,1201,1261,0.25
 70,1202,1255,0.25
 70,1257,1434,0.75
 76,1259,1438,0.75
 79,1260,1439,0.75
 69,1440,1561,0.5
 77,1442,1563,0.5
 77,1679,1798,0.5
 81,1681,1797,0.5
 89,1682,1800,0.5
 86,2997,3116,0.5
 77,3000,3116,0.5
 81,3001,3120,0.5
 77,3118,3236,0.5
 86,3119,3237,0.5
 81,3121,3237,0.5
 77,3237,3353,0.5
 86,3239,3355,0.5
 81,3241,3355,0.5
 81,3357,3477,0.5
 86,3361,3477,0.5
 77,3362,3478,0.5
 88,3478,3536,0.25
 77,3480,3541,0.25
 81,3480,3535,0.25
 86,3537,3658,0.5
 81,3537,3656,0.5
 77,3542,3660,0.5
 84,3662,3720,0.25
 81,3720,3775,0.25
 77,3783,3843,0.25
 76,3842,3957,0.5
 76,3959,4074,0.5
 86,3961,4079,0.5
 82,3961,4077,0.5
 76,4078,4193,0.5
 82,4080,4200,0.5
 86,4082,4195,0.5
 86,4197,4312,0.5
 76,4201,4318,0.5
 82,4203,4321,0.5
 76,4321,4438,0.5
 86,4322,4442,0.5
 82,4323,4438,0.5
 88,4440,4495,0.25
 82,4441,4496,0.25
 76,4441,4498,0.25
 86,4497,4612,0.5
 82,4500,4616,0.5
 76,4503,4622,0.5
 84,4620,4680,0.25
 82,4680,4737,0.25
 79,4740,4798,0.25
 77,4802,4917,0.5
 89,4918,5038,0.5
 77,4921,5038,0.5
 81,4923,5040,0.5
 76,5038,5156,0.5
 80,5039,5158,0.5
 88,5039,5160,0.5
 86,5162,5283,0.5
 80,5162,5281,0.5
 74,5163,5279,0.5
 72,5279,5398,0.5
 84,5280,5397,0.5
 81,5281,5397,0.5
 77,6837,6957,0.5
 81,6839,6958,0.5
 86,6843,6957,0.5
 86,6959,7077,0.5
 81,6960,7078,0.5
 77,6962,7078,0.5
 86,7078,7195,0.5
 81,7079,7197,0.5
 77,7081,7202,0.5
 86,7200,7321,0.5
 81,7200,7315,0.5
 77,7203,7318,0.5
 77,7321,7378,0.25
 81,7321,7378,0.25
 88,7323,7378,0.25
 77,7381,7500,0.5
 86,7382,7503,0.5
 81,7383,7503,0.5
 84,7502,7560,0.25
 81,7560,7617,0.25
 77,7621,7682,0.25
 77,7800,7921,0.5
 80,7802,7917,0.5
 89,7803,7921,0.5
 88,7918,8035,0.5
 80,7918,8038,0.5
 76,7922,8043,0.5
 74,8038,8156,0.5
 80,8042,8157,0.5
 86,8043,8159,0.5
 84,8160,8275,0.5
 72,8162,8279,0.5
 81,8163,8280,0.5
 73,8277,8398,0.5
 85,8281,8402,0.5
 79,8283,8398,0.5
 74,8399,8639,1.0
 78,8400,8640,1.0
 86,8400,8640,1.0
 71,8640,8695,0.25
 81,8642,8702,0.25
 77,8643,8702,0.25
 79,8703,8758,0.25
 77,8757,8815,0.25
 74,8820,8879,0.25
 77,8878,8933,0.25
 70,8878,8935,0.25
 70,8939,9116,0.75
 76,8939,9116,0.75
 79,8940,9120,0.75
 69,9121,9242,0.5
 77,9122,9240,0.5
 81,10677,10798,0.5
 86,10678,10795,0.5
 77,10682,10800,0.5
 86,10797,10915,0.5
 81,10802,10920,0.5
 77,10802,10918,0.5
 86,10919,11036,0.5
 77,10920,11037,0.5
 81,10922,11041,0.5
 86,11039,11160,0.5
 77,11041,11159,0.5
 81,11043,11156,0.5
 81,11158,11215,0.25
 77,11161,11216,0.25
 88,11162,11218,0.25
 86,11217,11334,0.5
 81,11217,11335,0.5
 77,11220,11336,0.5
 84,11341,11396,0.25
 81,11403,11459,0.25
 77,11457,11515,0.25
 76,11523,11640,0.5
 82,11637,11755,0.5
 86,11638,11758,0.5
 76,11642,11759,0.5
 86,11761,11876,0.5
 82,11762,11877,0.5
 76,11763,11880,0.5
 86,11877,11995,0.5
 76,11883,12001,0.5
 82,11883,11998,0.5
 86,11999,12114,0.5
 76,12003,12120,0.5
 82,12003,12118,0.5
 82,12120,12177,0.25
 88,12122,12178,0.25
 76,12122,12180,0.25
 86,12179,12299,0.5
 76,12181,12302,0.5
 82,12182,12303,0.5
 84,12301,12359,0.25
 82,12357,12416,0.25
 79,12417,12473,0.25
 77,12478,12597,0.5
 81,12597,12716,0.5
 77,12598,12719,0.5
 89,12603,12722,0.5
 76,12717,12834,0.5
 80,12718,12834,0.5
 88,12723,12841,0.5
 86,12837,12958,0.5
 80,12838,12958,0.5
 74,12843,12963,0.5
 84,12958,13079,0.5
 81,12960,13080,0.5
 72,12961,13076,0.5
 81,14518,14633,0.5
 77,14522,14637,0.5
 86,14523,14638,0.5
 81,14637,14753,0.5
 77,14639,14758,0.5
 86,14643,14755,0.5
 86,14757,14873,0.5
 81,14762,14879,0.5
 77,14763,14877,0.5
 77,14879,14995,0.5
 86,14879,14998,0.5
 81,14881,14997,0.5
 77,14997,15054,0.25
 81,14999,15055,0.25
 88,14999,15058,0.25
 86,15058,15173,0.5
 81,15060,15177,0.5
 77,15063,15183,0.5
 84,15183,15243,0.25
 81,15239,15299,0.25
 77,15297,15356,0.25
 89,15481,15598,0.5
 77,15481,15600,0.5
 80,15482,15600,0.5
 88,15597,15712,0.5
 80,15601,15717,0.5
 76,15603,15719,0.5
 80,15718,15837,0.5
 86,15721,15837,0.5
 74,15721,15836,0.5
 72,15837,15958,0.5
 81,15839,15956,0.5
 84,15843,15964,0.5
 79,15961,16076,0.5
 73,15963,16081,0.5
 85,15963,16081,0.5
 74,16081,16318,1.0
 86,16083,16320,1.0
 78,16083,16319,1.0
 77,16320,16377,0.25
 71,16320,16376,0.25
 81,16323,16379,0.25
 79,16378,16433,0.25
 77,16441,16497,0.25
 74,16501,16560,0.25
 77,16557,16617,0.25
 70,16562,16616,0.25
 76,16617,16798,0.75
 70,16618,16798,0.75
 79,16618,16797,0.75
 69,16799,16919,0.5
 77,16801,16916,0.5
 77,17038,17153,0.5
 89,17041,17160,0.5
 81,17042,17157,0.5
 74,17277,17396,0.5
 77,17281,17399,0.5
 74,17401,17516,0.5
 70,17403,17518,0.5
 74,17518,17639,0.5
 77,17518,17637,0.5
 74,17641,17758,0.5
 70,17643,17758,0.5
 77,17757,17874,0.5
 74,17760,17876,0.5
 79,17877,17932,0.25
 74,17878,17935,0.25
 74,17937,18056,0.5
 81,17938,18057,0.5
 79,18063,18119,0.25
 77,18118,18177,0.25
 74,18179,18234,0.25
 69,18240,18298,0.25
 77,18243,18299,0.25
 74,18303,18362,0.25
 72,18357,18416,0.25
 69,18417,18597,0.75
 77,18601,18717,0.5
 81,18602,18715,0.5
 69,18602,18715,0.5
 69,18717,19192,1.0
 81,18717,19198,1.0
 77,18719,19196,1.0
 76,19197,19253,0.25
 70,19198,19258,0.25
 82,19201,19260,0.25
 76,19260,19316,0.25
 69,19261,19322,0.25
 81,19261,19321,0.25
 76,19319,19377,0.25
 82,19320,19378,0.25
 70,19323,19383,0.25
 67,19377,19555,0.75
 76,19380,19558,0.75
 79,19383,19556,0.75
 79,19558,19675,0.5
 76,19560,19677,0.5
 67,19561,19678,0.5
 79,19678,20153,1.0
 67,19680,20155,1.0
 76,19683,20164,1.0
 77,20157,20217,0.25
 69,20161,20219,0.25
 81,20162,20218,0.25
 80,20217,20274,0.25
 77,20222,20275,0.25
 68,20222,20283,0.25
 77,20277,20333,0.25
 69,20278,20338,0.25
 81,20280,20337,0.25
 81,20339,20575,1.0
 72,20340,20576,1.0
 84,20341,20576,1.0
 72,20583,20601,0.125
 76,20597,20612,0.125
 77,20623,20639,0.125
 77,20642,20700,0.25
 79,20703,20760,0.25
 81,20761,20819,0.25
 81,20821,21116,1.0
 84,20823,21123,1.0
 77,21121,21238,0.5
 74,21122,21236,0.5
 74,21238,21358,0.5
 70,21242,21359,0.5
 74,21360,21476,0.5
 77,21363,21480,0.5
 74,21479,21596,0.5
 70,21482,21600,0.5
 77,21598,21715,0.5
 74,21598,21715,0.5
 74,21722,21776,0.25
 79,21723,21781,0.25
 74,21778,21895,0.5
 81,21781,21899,0.5
 79,21897,21953,0.25
 77,21960,22021,0.25
 74,22019,22075,0.25
 77,22077,22134,0.25
 69,22079,22137,0.25
 74,22140,22196,0.25
 72,22200,22260,0.25
 69,22261,22439,0.75
 77,22440,22559,0.5
 81,22440,22556,0.5
 69,22441,22558,0.5
 81,22558,23036,1.0
 77,22561,23037,1.0
 69,22561,23039,1.0
 76,23038,23095,0.25
 70,23041,23096,0.25
 82,23043,23100,0.25
 76,23097,23154,0.25
 69,23099,23156,0.25
 81,23102,23160,0.25
 76,23157,23215,0.25
 82,23158,23213,0.25
 70,23163,23223,0.25
 76,23217,23396,0.75
 79,23218,23398,0.75
 67,23222,23396,0.75
 67,23398,23516,0.5
 79,23400,23515,0.5
 76,23402,23516,0.5
 79,23517,23638,0.5
 76,23518,23637,0.5
 67,23520,23639,0.5
 81,23638,23698,0.25
 69,23639,23697,0.25
 76,23642,23701,0.25
 70,23699,23819,0.5
 82,23702,23819,0.5
 76,23703,23820,0.5
 81,23819,23875,0.25
 69,23820,23875,0.25
 76,23821,23877,0.25
 79,23879,23996,0.5
 67,23882,24000,0.5
 76,23883,24000,0.5
 69,23998,24596,1.0
 65,23998,24596,1.0
 77,24000,24595,1.0
 60,24601,24656,0.25
 62,24663,24723,0.25
 65,24717,24772,0.25
 67,24781,24840,0.25
 69,24840,24900,0.25
 72,24897,24954,0.25
 74,24958,25075,0.5
 77,24961,25077,0.5
 74,25077,25197,0.5
 70,25078,25195,0.5
 74,25200,25315,0.5
 77,25202,25317,0.5
 74,25317,25433,0.5
 70,25323,25441,0.5
 77,25438,25555,0.5
 74,25443,25556,0.5
 74,25558,25619,0.25
 79,25562,25620,0.25
 74,25622,25738,0.5
 81,25623,25740,0.5
 79,25742,25800,0.25
 77,25800,25861,0.25
 74,25859,25917,0.25
 69,25920,25976,0.25
 77,25921,25980,0.25
 74,25983,26042,0.25
 72,26038,26096,0.25
 69,26103,26278,0.75
 77,26278,26395,0.5
 81,26279,26396,0.5
 69,26280,26398,0.5
 77,26397,26878,1.0
 69,26399,26874,1.0
 81,26403,26882,1.0
 76,26878,26933,0.25
 82,26880,26937,0.25
 70,26880,26935,0.25
 76,26938,26993,0.25
 69,26942,26998,0.25
 81,26943,27000,0.25
 82,26997,27056,0.25
 70,26999,27060,0.25
 76,27000,27055,0.25
 76,27057,27236,0.75
 67,27058,27235,0.75
 79,27060,27240,0.75
 76,27238,27357,0.5
 67,27241,27358,0.5
 79,27242,27360,0.5
 79,27361,27841,1.0
 76,27361,27837,1.0
 67,27363,27839,1.0
 81,27838,27896,0.25
 77,27839,27896,0.25
 69,27843,27902,0.25
 68,27899,27957,0.25
 80,27903,27961,0.25
 77,27903,27960,0.25
 69,27960,28021,0.25
 81,27961,28016,0.25
 77,27962,28020,0.25
 84,28017,28255,1.0
 72,28020,28256,1.0
 81,28021,28260,1.0
 72,28259,28275,0.125
 76,28280,28300,0.125
 77,28299,28315,0.125
 77,28317,28374,0.25
 79,28377,28433,0.25
 81,28437,28493,0.25
 81,28498,28796,1.0
 84,28499,28799,1.0
 77,28798,28917,0.5
 74,28802,28917,0.5
 74,28918,29035,0.5
 70,28921,29037,0.5
 74,29040,29161,0.5
 77,29040,29161,0.5
 70,29157,29277,0.5
 74,29163,29275,0.5
 74,29277,29395,0.5
 77,29279,29394,0.5
 74,29399,29458,0.25
 79,29402,29463,0.25
 81,29460,29577,0.5
 74,29463,29582,0.5
 79,29581,29641,0.25
 77,29641,29700,0.25
 74,29700,29757,0.25
 69,29759,29818,0.25
 77,29761,29822,0.25
 74,29818,29876,0.25
 72,29882,29941,0.25
 69,29940,30119,0.75
 81,30119,30234,0.5
 69,30121,30238,0.5
 77,30122,30238,0.5
 81,30240,30719,1.0
 69,30242,30719,1.0
 77,30242,30723,1.0
 70,30717,30772,0.25
 82,30718,30776,0.25
 76,30721,30780,0.25
 81,30778,30834,0.25
 69,30779,30840,0.25
 76,30781,30837,0.25
 76,30839,30895,0.25
 70,30842,30902,0.25
 82,30843,30903,0.25
 67,30897,31073,0.75
 76,30899,31075,0.75
 79,30899,31078,0.75
 76,31078,31196,0.5
 67,31082,31196,0.5
 79,31083,31196,0.5
 79,31198,31318,0.5
 67,31198,31318,0.5
 76,31199,31314,0.5
 81,31318,31379,0.25
 69,31321,31376,0.25
 76,31321,31376,0.25
 70,31377,31494,0.5
 76,31378,31495,0.5
 82,31382,31503,0.5
 76,31497,31557,0.25
 69,31501,31556,0.25
 81,31503,31560,0.25
 76,31559,31676,0.5
 67,31559,31679,0.5
 79,31563,31684,0.5
 65,31677,32273,1.0
 77,31679,32279,1.0
 69,31681,32281,1.0
 77,33719,33838,0.5
 81,33720,33838,0.5
 86,33721,33840,0.5
 81,33840,33958,0.5
 86,33841,33955,0.5
 77,33841,33958,0.5
 86,33957,34077,0.5
 81,33960,34078,0.5
 77,33960,34080,0.5
 86,34081,34198,0.5
 81,34083,34199,0.5
 77,34083,34197,0.5
 77,34199,34260,0.25
 81,34201,34256,0.25
 88,34203,34261,0.25
 81,34258,34379,0.5
 86,34260,34377,0.5
 77,34263,34381,0.5
 84,34380,34439,0.25
 81,34441,34502,0.25
 77,34502,34562,0.25
 76,34558,34676,0.5
 82,34677,34792,0.5
 86,34680,34798,0.5
 76,34680,34799,0.5
 86,34800,34918,0.5
 76,34800,34916,0.5
 82,34801,34917,0.5
 82,34919,35038,0.5
 76,34922,35035,0.5
 86,34923,35039,0.5
 76,35037,35157,0.5
 86,35041,35162,0.5
 82,35158,35215,0.25
 76,35159,35215,0.25
 88,35162,35219,0.25
 76,35217,35333,0.5
 82,35218,35338,0.5
 86,35222,35338,0.5
 84,35337,35394,0.25
 82,35397,35455,0.25
 79,35461,35516,0.25
 77,35518,35633,0.5
 77,35638,35755,0.5
 81,35642,35758,0.5
 89,35643,35760,0.5
 76,35759,35879,0.5
 88,35762,35880,0.5
 80,35763,35880,0.5
 86,35877,35995,0.5
 74,35881,36001,0.5
 80,35882,35999,0.5
 84,35997,36116,0.5
 72,36002,36117,0.5
 81,36003,36120,0.5
 77,37557,37672,0.5
 81,37561,37677,0.5
 86,37561,37675,0.5
 86,37677,37792,0.5
 77,37681,37796,0.5
 81,37683,37795,0.5
 81,37797,37917,0.5
 77,37797,37915,0.5
 86,37798,37918,0.5
 81,37918,38033,0.5
 77,37921,38041,0.5
 86,37921,38039,0.5
 81,38038,38096,0.25
 88,38040,38096,0.25
 77,38043,38097,0.25
 81,38098,38219,0.5
 77,38099,38217,0.5
 86,38100,38220,0.5
 84,38221,38279,0.25
 81,38283,38339,0.25
 77,38342,38400,0.25
 89,38517,38637,0.5
 77,38518,38637,0.5
 80,38522,38637,0.5
 80,38640,38755,0.5
 76,38641,38757,0.5
 88,38643,38758,0.5
 86,38759,38878,0.5
 80,38759,38875,0.5
 74,38760,38881,0.5
 81,38880,38997,0.5
 72,38881,38999,0.5
 84,38882,39002,0.5
 79,38998,39118,0.5
 73,38999,39115,0.5
 85,39002,39119,0.5
 78,39120,39360,1.0
 74,39120,39356,1.0
 86,39122,39357,1.0
 81,39357,39418,0.25
 71,39360,39416,0.25
 79,39417,39475,0.25
 77,39481,39542,0.25
 74,39540,39598,0.25
 77,39600,39656,0.25
 70,39601,39656,0.25
 76,39658,39835,0.75
 70,39660,39835,0.75
 79,39663,39838,0.75
 77,39838,39959,0.5
 69,39838,39959,0.5
 77,40080,40195,0.5
 81,40083,40203,0.5
 89,40083,40199,0.5
 74,40438,40553,0.5
 65,40438,40558,0.5
 77,40440,40560,0.5
 79,40557,40678,0.5
 67,40561,40676,0.5
 74,40562,40677,0.5
 80,40678,40734,0.25
 68,40678,40737,0.25
 74,40680,40739,0.25
 75,40738,40855,0.5
 81,40742,40861,0.5
 69,40743,40863,0.5
 68,40860,40917,0.25
 80,40862,40922,0.25
 69,40917,40975,0.25
 81,40919,40976,0.25
 72,40977,41272,1.0
 84,40982,41281,1.0
 74,41397,41515,0.5
 65,41398,41514,0.5
 77,41399,41518,0.5
 74,41517,41635,0.5
 67,41518,41638,0.5
 79,41520,41640,0.5
 68,41637,41695,0.25
 80,41639,41697,0.25
 74,41642,41698,0.25
 81,41698,41819,0.5
 75,41701,41820,0.5
 69,41701,41820,0.5
 68,41818,41877,0.25
 80,41820,41876,0.25
 81,41881,41939,0.25
 69,41883,41940,0.25
 65,41938,42238,1.0
 77,41939,42236,1.0
 77,42238,42299,0.25
 65,42297,42358,0.25
 70,42362,42420,0.25
 77,42419,42479,0.25
 76,42480,42540,0.25
 67,42542,42599,0.25
 70,42600,42657,0.25
 76,42659,42719,0.25
 75,42720,42775,0.25
 65,42779,42834,0.25
 69,42843,42900,0.25
 75,42900,42957,0.25
 65,42958,43077,0.5
 74,42963,43080,0.5
 74,43200,43261,0.25
 70,43200,43259,0.25
 64,43201,43259,0.25
 72,43263,43320,0.25
 70,43321,43381,0.25
 67,43377,43432,0.25
 64,43439,43499,0.25
 67,43502,43563,0.25
 70,43563,43622,0.25
 74,43617,43672,0.25
 72,43678,43794,0.5
 69,43680,43796,0.5
 63,43683,43801,0.5
 69,43798,43914,0.5
 60,43799,43914,0.5
 63,43803,43918,0.5
 67,43919,44035,0.5
 63,43920,44036,0.5
 60,43922,44037,0.5
 63,44038,44156,0.5
 65,44039,44160,0.5
 60,44039,44158,0.5
 77,44277,44393,0.5
 65,44278,44395,0.5
 74,44279,44397,0.5
 74,44398,44513,0.5
 79,44398,44518,0.5
 67,44403,44523,0.5
 80,44517,44578,0.25
 74,44518,44576,0.25
 68,44520,44577,0.25
 75,44578,44696,0.5
 69,44579,44698,0.5
 81,44580,44695,0.5
 68,44697,44756,0.25
 80,44702,44760,0.25
 69,44758,44815,0.25
 81,44762,44820,0.25
 72,44820,45116,1.0
 84,44821,45118,1.0
 74,45239,45355,0.5
 77,45241,45356,0.5
 65,45243,45360,0.5
 79,45360,45475,0.5
 74,45363,45478,0.5
 67,45363,45483,0.5
 68,45478,45538,0.25
 74,45480,45539,0.25
 80,45480,45539,0.25
 75,45539,45659,0.5
 69,45541,45660,0.5
 81,45542,45657,0.5
 68,45657,45713,0.25
 80,45660,45721,0.25
 69,45718,45779,0.25
 81,45722,45778,0.25
 65,45781,46080,1.0
 77,45782,46077,1.0
 77,46079,46135,0.25
 65,46137,46198,0.25
 70,46200,46256,0.25
 77,46259,46319,0.25
 76,46319,46375,0.25
 67,46380,46438,0.25
 70,46441,46499,0.25
 76,46498,46555,0.25
 75,46559,46619,0.25
 65,46622,46679,0.25
 69,46677,46733,0.25
 75,46743,46801,0.25
 74,46798,46914,0.5
 65,46803,46922,0.5
 74,47038,47094,0.25
 64,47042,47102,0.25
 70,47043,47102,0.25
 72,47102,47163,0.25
 70,47158,47216,0.25
 67,47217,47275,0.25
 70,47283,47343,0.25
 63,47337,47516,0.75
 69,47338,47513,0.75
 72,47342,47523,0.75
 62,47518,47637,0.5
 70,47520,47640,0.5
 76,47621,47637,0.125
 77,47641,47756,0.5
 76,47742,47757,0.125
 77,47761,47875,0.5
 76,47863,47884,0.125
 77,47877,47992,0.5
 65,48118,48238,0.5
 74,48119,48239,0.5
 77,48120,48238,0.5
 67,48242,48360,0.5
 74,48242,48355,0.5
 79,48242,48357,0.5
 74,48357,48413,0.25
 80,48361,48422,0.25
 68,48363,48422,0.25
 69,48417,48535,0.5
 75,48418,48535,0.5
 81,48422,48537,0.5
 80,48540,48596,0.25
 68,48543,48602,0.25
 81,48599,48654,0.25
 69,48601,48659,0.25
 72,48662,48957,1.0
 84,48663,48961,1.0
 65,49078,49196,0.5
 74,49078,49199,0.5
 77,49082,49202,0.5
 67,49198,49315,0.5
 74,49200,49320,0.5
 79,49201,49318,0.5
 68,49318,49377,0.25
 80,49321,49376,0.25
 74,49322,49381,0.25
 81,49381,49501,0.5
 69,49382,49503,0.5
 75,49383,49500,0.5
 68,49500,49560,0.25
 80,49501,49558,0.25
 81,49563,49619,0.25
 69,49563,49619,0.25
 65,49621,49919,1.0
 77,49623,49917,1.0
 77,49919,49976,0.25
 65,49982,50038,0.25
 70,50041,50099,0.25
 77,50102,50158,0.25
 76,50162,50223,0.25
 67,50222,50280,0.25
 70,50278,50333,0.25
 76,50338,50399,0.25
 75,50401,50458,0.25
 65,50463,50520,0.25
 69,50523,50579,0.25
 75,50577,50637,0.25
 74,50637,50758,0.5
 65,50638,50758,0.5
 70,50878,50939,0.25
 64,50881,50939,0.25
 74,50882,50942,0.25
 72,50939,51000,0.25
 70,51003,51062,0.25
 67,51057,51113,0.25
 64,51120,51180,0.25
 67,51178,51234,0.25
 70,51241,51298,0.25
 74,51302,51362,0.25
 72,51358,51477,0.5
 69,51363,51479,0.5
 63,51363,51475,0.5
 63,51477,51598,0.5
 60,51478,51597,0.5
 69,51481,51596,0.5
 67,51598,51716,0.5
 60,51598,51715,0.5
 63,51600,51718,0.5
 65,51718,51837,0.5
 60,51719,51836,0.5
 63,51722,51841,0.5
 65,51957,52076,0.5
 77,51961,52076,0.5
 74,51963,52078,0.5
 67,52079,52194,0.5
 79,52079,52195,0.5
 74,52081,52196,0.5
 74,52198,52254,0.25
 68,52202,52257,0.25
 80,52202,52259,0.25
 81,52257,52378,0.5
 75,52259,52375,0.5
 69,52262,52382,0.5
 68,52381,52436,0.25
 80,52383,52441,0.25
 69,52441,52501,0.25
 81,52443,52499,0.25
 84,52497,52797,1.0
 72,52502,52797,1.0
 74,52917,53036,0.5
 65,52917,53032,0.5
 77,52920,53039,0.5
 79,53040,53155,0.5
 67,53040,53161,0.5
 74,53043,53159,0.5
 74,53161,53219,0.25
 80,53163,53220,0.25
 68,53163,53223,0.25
 69,53218,53337,0.5
 81,53222,53342,0.5
 75,53222,53337,0.5
 80,53342,53400,0.25
 68,53343,53400,0.25
 69,53399,53459,0.25
 81,53401,53457,0.25
 77,53458,53753,1.0
 65,53463,53761,1.0
 77,53759,53819,0.25
 65,53820,53880,0.25
 70,53882,53942,0.25
 77,53943,53999,0.25
 76,53997,54055,0.25
 67,54061,54120,0.25
 70,54117,54174,0.25
 76,54181,54240,0.25
 75,54239,54300,0.25
 65,54299,54359,0.25
 69,54360,54421,0.25
 75,54423,54484,0.25
 65,54482,54597,0.5
 74,54483,54602,0.5
 70,54719,54779,0.25
 64,54720,54777,0.25
 74,54722,54781,0.25
 72,54779,54839,0.25
 70,54838,54896,0.25
 67,54901,54958,0.25
 70,54963,55018,0.25
 63,55018,55196,0.75
 72,55019,55197,0.75
 69,55023,55201,0.75
 62,55198,55315,0.5
 70,55203,55324,0.5
 70,56757,56874,0.5
 79,56757,56873,0.5
 74,56758,56878,0.5
 70,56877,56998,0.5
 74,56882,56996,0.5
 79,56883,57000,0.5
 74,56998,57114,0.5
 70,56999,57115,0.5
 79,57003,57115,0.5
 79,57117,57234,0.5
 74,57119,57238,0.5
 70,57120,57235,0.5
 81,57238,57299,0.25
 74,57240,57296,0.25
 70,57240,57295,0.25
 70,57297,57418,0.5
 74,57299,57415,0.5
 79,57303,57421,0.5
 77,57417,57475,0.25
 74,57478,57538,0.25
 70,57539,57594,0.25
 69,57598,57716,0.5
 69,57717,57836,0.5
 75,57720,57837,0.5
 79,57723,57837,0.5
 79,57839,57955,0.5
 69,57840,57958,0.5
 75,57842,57955,0.5
 75,57957,58078,0.5
 79,57962,58078,0.5
 69,57963,58078,0.5
 69,58080,58199,0.5
 79,58081,58201,0.5
 75,58081,58197,0.5
 75,58199,58256,0.25
 69,58201,58255,0.25
 81,58203,58264,0.25
 69,58257,58373,0.5
 79,58259,58374,0.5
 75,58261,58377,0.5
 77,58381,58440,0.25
 75,58440,58497,0.25
 72,58497,58558,0.25
 70,58560,58678,0.5
 74,58678,58797,0.5
 77,58680,58798,0.5
 70,58682,58801,0.5
 82,58682,58801,0.5
 81,58797,58914,0.5
 69,58801,58922,0.5
 73,58803,58917,0.5
 67,58917,59033,0.5
 73,58919,59039,0.5
 79,58922,59037,0.5
 74,59038,59154,0.5
 65,59040,59159,0.5
 77,59043,59161,0.5
 79,60598,60717,0.5
 74,60600,60716,0.5
 70,60600,60718,0.5
 74,60718,60837,0.5
 79,60718,60839,0.5
 70,60720,60839,0.5
 74,60839,60960,0.5
 70,60841,60956,0.5
 79,60842,60956,0.5
 70,60958,61078,0.5
 79,60958,61073,0.5
 74,60962,61080,0.5
 70,61082,61138,0.25
 81,61082,61141,0.25
 74,61082,61136,0.25
 74,61138,61254,0.5
 79,61140,61258,0.5
 70,61140,61259,0.5
 77,61261,61322,0.25
 74,61320,61376,0.25
 70,61378,61438,0.25
 82,61557,61678,0.5
 70,61560,61678,0.5
 73,61562,61679,0.5
 69,61678,61798,0.5
 73,61680,61800,0.5
 81,61681,61801,0.5
 79,61798,61919,0.5
 67,61800,61915,0.5
 73,61801,61916,0.5
 77,61919,62034,0.5
 65,61921,62036,0.5
 74,61923,62038,0.5
 78,62037,62158,0.5
 72,62038,62155,0.5
 66,62038,62158,0.5
 79,62157,62275,0.5
 67,62160,62276,0.5
 71,62162,62277,0.5
 64,62397,62455,0.25
 74,62400,62460,0.25
 70,62403,62464,0.25
 72,62462,62520,0.25
 70,62520,62576,0.25
 67,62577,62637,0.25
 70,62639,62696,0.25
 69,62697,62877,0.75
 63,62699,62878,0.75
 72,62700,62876,0.75
 70,62877,62992,0.5
 62,62880,62997,0.5
 65,62880,63000,0.5
 79,64442,64558,0.5
 70,64443,64559,0.5
 74,64443,64558,0.5
 74,64560,64676,0.5
 79,64560,64679,0.5
 70,64561,64679,0.5
 74,64677,64797,0.5
 70,64681,64797,0.5
 79,64682,64797,0.5
 79,64799,64915,0.5
 74,64800,64919,0.5
 70,64802,64917,0.5
 81,64917,64975,0.25
 70,64921,64976,0.25
 74,64923,64980,0.25
 70,64978,65097,0.5
 74,64981,65101,0.5
 79,64982,65102,0.5
 77,65100,65157,0.25
 74,65157,65212,0.25
 70,65220,65279,0.25
 69,65278,65398,0.5
 79,65397,65514,0.5
 69,65400,65520,0.5
 75,65400,65517,0.5
 79,65518,65635,0.5
 75,65519,65640,0.5
 69,65522,65639,0.5
 69,65641,65756,0.5
 79,65642,65757,0.5
 75,65643,65761,0.5
 69,65761,65878,0.5
 75,65762,65877,0.5
 79,65762,65879,0.5
 75,65879,65935,0.25
 69,65880,65939,0.25
 81,65882,65940,0.25
 75,65940,66055,0.5
 79,65942,66059,0.5
 69,65943,66058,0.5
 77,66061,66116,0.25
 75,66120,66179,0.25
 72,66179,66237,0.25
 70,66243,66359,0.5
 77,66357,66475,0.5
 82,66358,66478,0.5
 70,66360,66475,0.5
 74,66363,66478,0.5
 81,66478,66597,0.5
 69,66478,66599,0.5
 73,66482,66598,0.5
 67,66599,66714,0.5
 73,66599,66720,0.5
 79,66602,66723,0.5
 74,66719,66839,0.5
 65,66720,66836,0.5
 77,66722,66837,0.5
 74,68277,68396,0.5
 70,68277,68397,0.5
 79,68279,68394,0.5
 70,68398,68515,0.5
 74,68398,68515,0.5
 79,68400,68518,0.5
 70,68518,68635,0.5
 74,68521,68635,0.5
 79,68523,68640,0.5
 74,68637,68755,0.5
 70,68642,68756,0.5
 79,68642,68761,0.5
 70,68758,68815,0.25
 74,68760,68817,0.25
 81,68762,68819,0.25
 79,68821,68939,0.5
 74,68823,68939,0.5
 70,68823,68940,0.5
 77,68942,68998,0.25
 74,68999,69056,0.25
 70,69061,69116,0.25
 82,69237,69357,0.5
 73,69239,69355,0.5
 70,69243,69358,0.5
 69,69358,69478,0.5
 73,69358,69475,0.5
 81,69362,69477,0.5
 67,69477,69597,0.5
 73,69477,69598,0.5
 79,69483,69602,0.5
 77,69600,69720,0.5
 74,69601,69716,0.5
 65,69601,69722,0.5
 78,69719,69839,0.5
 72,69721,69838,0.5
 66,69722,69837,0.5
 71,69838,69957,0.5
 67,69839,69958,0.5
 79,69843,69958,0.5
 64,70078,70135,0.25
 70,70080,70141,0.25
 74,70083,70144,0.25
 72,70140,70201,0.25
 70,70201,70261,0.25
 67,70263,70318,0.25
 70,70319,70378,0.25
 72,70377,70552,0.75
 63,70382,70557,0.75
 69,70383,70562,0.75
 70,70558,70673,0.5
 62,70559,70679,0.5
 65,70562,70679,0.5
 70,70799,70915,0.5
 82,70800,70915,0.5
 74,70801,70922,0.5
 69,0,115,0.5
 69,122,239,0.5
 68,239,355,0.5
 68,357,473,0.5
 67,478,596,0.5
 67,598,713,0.5
 65,720,837,0.5
 50,960,1076,0.5
 65,1079,1165,0.375
 55,1080,1168,0.375
 59,1082,1169,0.375
 48,1198,1318,0.5
 58,1318,1404,0.375
 64,1321,1406,0.375
 60,1323,1408,0.375
 65,1441,1558,0.5
 53,1443,1559,0.5
 60,1562,1678,0.5
 48,1563,1683,0.5
 53,1681,1800,0.5
 60,1917,2033,0.5
 48,1921,2042,0.5
 59,2040,2097,0.25
 58,2097,2214,0.5
 57,2221,2279,0.25
 55,2281,2338,0.25
 52,2403,2523,0.5
 48,2521,2603,0.375
 50,2641,2725,0.375
 52,2763,2851,0.375
 53,2878,2994,0.5
 57,2998,3082,0.375
 60,3001,3083,0.375
 65,3003,3091,0.375
 65,3238,3322,0.375
 57,3241,3328,0.375
 60,3242,3324,0.375
 57,3479,3566,0.375
 65,3481,3568,0.375
 60,3482,3569,0.375
 65,3719,3803,0.375
 57,3719,3802,0.375
 60,3721,3806,0.375
 64,3957,4044,0.375
 58,3958,4041,0.375
 60,3963,4049,0.375
 60,4197,4285,0.375
 64,4199,4284,0.375
 58,4202,4289,0.375
 58,4440,4525,0.375
 60,4441,4525,0.375
 64,4441,4523,0.375
 60,4679,4762,0.375
 64,4682,4766,0.375
 58,4682,4768,0.375
 60,4918,5002,0.375
 65,4919,5003,0.375
 57,4921,5009,0.375
 56,5157,5244,0.375
 65,5158,5243,0.375
 59,5160,5247,0.375
 53,5282,5366,0.375
 57,5400,5486,0.375
 58,5519,5602,0.375
 59,5643,5728,0.375
 60,5759,5876,0.5
 48,5761,5878,0.5
 59,5882,5938,0.25
 58,5940,6055,0.5
 57,6063,6122,0.25
 55,6118,6173,0.25
 53,6181,6239,0.25
 52,6242,6325,0.375
 48,6363,6445,0.375
 50,6477,6561,0.375
 52,6597,6683,0.375
 53,6717,6832,0.5
 65,6837,6921,0.375
 57,6838,6925,0.375
 60,6839,6926,0.375
 65,7077,7163,0.375
 57,7078,7166,0.375
 60,7081,7166,0.375
 57,7321,7405,0.375
 65,7323,7409,0.375
 60,7323,7410,0.375
 60,7557,7644,0.375
 65,7558,7642,0.375
 57,7559,7644,0.375
 50,7740,7796,0.25
 53,7798,7855,0.25
 56,7857,7918,0.25
 59,7918,7973,0.25
 62,7983,8040,0.25
 65,8041,8100,0.25
 68,8099,8155,0.25
 53,8162,8278,0.5
 51,8282,8400,0.5
 50,8400,8635,1.0
 50,8637,8755,0.5
 65,8759,8843,0.375
 55,8762,8848,0.375
 59,8763,8848,0.375
 48,8883,9001,0.5
 58,8999,9082,0.375
 60,8999,9082,0.375
 64,9000,9085,0.375
 53,9122,9209,0.375
 57,9242,9301,0.25
 58,9359,9444,0.375
 59,9481,9566,0.375
 48,9598,9718,0.5
 60,9603,9724,0.5
 59,9718,9777,0.25
 58,9780,9898,0.5
 57,9897,9952,0.25
 55,9961,10021,0.25
 52,10080,10195,0.5
 48,10201,10283,0.375
 50,10322,10405,0.375
 52,10437,10520,0.375
 53,10557,10674,0.5
 57,10678,10763,0.375
 65,10678,10766,0.375
 60,10679,10767,0.375
 60,10917,11002,0.375
 65,10920,11005,0.375
 57,10923,11008,0.375
 57,11157,11244,0.375
 60,11161,11249,0.375
 65,11163,11248,0.375
 60,11399,11481,0.375
 65,11402,11485,0.375
 57,11403,11489,0.375
 60,11637,11724,0.375
 58,11639,11723,0.375
 64,11641,11723,0.375
 64,11879,11967,0.375
 60,11881,11969,0.375
 58,11883,11971,0.375
 64,12122,12210,0.375
 58,12123,12206,0.375
 60,12123,12209,0.375
 64,12360,12445,0.375
 58,12360,12443,0.375
 60,12361,12445,0.375
 60,12597,12681,0.375
 65,12598,12680,0.375
 57,12601,12688,0.375
 65,12837,12919,0.375
 59,12838,12922,0.375
 56,12843,12930,0.375
 53,12958,13044,0.375
 57,13079,13161,0.375
 58,13201,13283,0.375
 59,13318,13403,0.375
 48,13437,13558,0.5
 60,13439,13559,0.5
 59,13561,13621,0.25
 58,13622,13743,0.5
 57,13740,13799,0.25
 55,13799,13859,0.25
 53,13862,13922,0.25
 52,13922,14009,0.375
 48,14042,14126,0.375
 50,14158,14244,0.375
 52,14281,14363,0.375
 53,14399,14518,0.5
 60,14518,14602,0.375
 57,14521,14604,0.375
 65,14522,14610,0.375
 57,14757,14843,0.375
 65,14757,14839,0.375
 60,14758,14840,0.375
 57,14997,15080,0.375
 65,15002,15084,0.375
 60,15003,15089,0.375
 65,15238,15325,0.375
 60,15239,15324,0.375
 57,15242,15327,0.375
 50,15419,15480,0.25
 53,15479,15540,0.25
 56,15539,15600,0.25
 59,15598,15654,0.25
 62,15662,15718,0.25
 65,15723,15779,0.25
 68,15777,15834,0.25
 53,15841,15962,0.5
 51,15963,16078,0.5
 50,16078,16317,1.0
 50,16323,16440,0.5
 65,16439,16526,0.375
 59,16439,16526,0.375
 55,16442,16527,0.375
 48,16559,16677,0.5
 60,16681,16769,0.375
 58,16682,16768,0.375
 64,16683,16768,0.375
 65,16800,16917,0.5
 53,16803,16921,0.5
 60,16919,17039,0.5
 48,16920,17040,0.5
 53,17039,17157,0.5
 53,17398,17481,0.375
 58,17401,17487,0.375
 62,17403,17490,0.375
 58,17637,17720,0.375
 62,17639,17722,0.375
 53,17643,17725,0.375
 58,17877,17965,0.375
 53,17879,17965,0.375
 62,17881,17963,0.375
 62,18120,18203,0.375
 58,18123,18205,0.375
 53,18123,18211,0.375
 53,18237,18354,0.5
 57,18360,18445,0.375
 65,18362,18448,0.375
 60,18362,18449,0.375
 48,18479,18596,0.5
 57,18599,18683,0.375
 60,18600,18687,0.375
 65,18602,18687,0.375
 65,18717,18834,0.5
 53,18720,18840,0.5
 52,18838,18920,0.375
 64,18839,18924,0.375
 50,18960,19044,0.375
 62,18963,19048,0.375
 60,19078,19160,0.375
 48,19081,19169,0.375
 55,19201,19319,0.5
 64,19317,19403,0.375
 58,19323,19406,0.375
 60,19323,19410,0.375
 48,19437,19554,0.5
 58,19557,19642,0.375
 64,19559,19646,0.375
 60,19563,19645,0.375
 52,19681,19763,0.375
 48,19797,19884,0.375
 50,19922,20007,0.375
 52,20042,20126,0.375
 53,20159,20275,0.5
 57,20280,20363,0.375
 60,20280,20363,0.375
 65,20283,20370,0.375
 57,20519,20604,0.375
 60,20519,20603,0.375
 65,20520,20605,0.375
 60,20759,20847,0.375
 65,20759,20842,0.375
 57,20761,20849,0.375
 60,20997,21085,0.375
 57,20999,21081,0.375
 65,20999,21082,0.375
 62,21239,21322,0.375
 58,21240,21328,0.375
 53,21243,21327,0.375
 62,21482,21565,0.375
 53,21482,21568,0.375
 58,21482,21564,0.375
 58,21717,21801,0.375
 62,21721,21804,0.375
 53,21723,21805,0.375
 58,21960,22047,0.375
 53,21960,22043,0.375
 62,21962,22047,0.375
 53,22083,22204,0.5
 65,22198,22281,0.375
 57,22199,22282,0.375
 60,22200,22282,0.375
 48,22321,22442,0.5
 60,22440,22524,0.375
 65,22440,22527,0.375
 57,22442,22527,0.375
 53,22559,22647,0.375
 52,22680,22768,0.375
 50,22802,22887,0.375
 48,22920,23003,0.375
 55,23039,23155,0.5
 60,23159,23247,0.375
 64,23160,23242,0.375
 58,23162,23248,0.375
 48,23282,23402,0.5
 60,23397,23485,0.375
 58,23398,23483,0.375
 64,23398,23485,0.375
 52,23520,23638,0.5
 60,23638,23726,0.375
 64,23642,23726,0.375
 58,23643,23728,0.375
 48,23758,23874,0.5
 60,23879,23966,0.375
 64,23879,23965,0.375
 58,23879,23964,0.375
 53,23998,24117,0.5
 62,24123,24184,0.25
 50,24123,24182,0.25
 60,24182,24303,0.5
 48,24182,24298,0.5
 57,24300,24355,0.25
 55,24357,24472,0.5
 53,24482,24601,0.5
 58,25077,25160,0.375
 53,25080,25162,0.375
 62,25083,25168,0.375
 58,25317,25401,0.375
 62,25318,25406,0.375
 53,25320,25403,0.375
 62,25557,25645,0.375
 53,25563,25646,0.375
 58,25563,25648,0.375
 58,25799,25885,0.375
 53,25800,25888,0.375
 62,25803,25888,0.375
 53,25920,26039,0.5
 60,26037,26119,0.375
 65,26038,26125,0.375
 57,26039,26121,0.375
 48,26160,26279,0.5
 57,26277,26360,0.375
 65,26280,26364,0.375
 60,26282,26370,0.375
 53,26400,26520,0.5
 65,26401,26521,0.5
 52,26518,26606,0.375
 64,26523,26606,0.375
 62,26643,26730,0.375
 50,26643,26729,0.375
 60,26758,26843,0.375
 48,26763,26845,0.375
 55,26879,26994,0.5
 64,26998,27080,0.375
 58,26999,27085,0.375
 60,27003,27087,0.375
 48,27119,27237,0.5
 60,27239,27324,0.375
 58,27240,27325,0.375
 64,27241,27328,0.375
 52,27363,27450,0.375
 48,27483,27570,0.375
 50,27599,27685,0.375
 52,27722,27805,0.375
 53,27843,27962,0.5
 65,27959,28042,0.375
 60,27960,28046,0.375
 57,27961,28043,0.375
 65,28198,28283,0.375
 60,28199,28287,0.375
 57,28201,28287,0.375
 57,28439,28526,0.375
 60,28441,28524,0.375
 65,28443,28525,0.375
 65,28679,28764,0.375
 57,28681,28769,0.375
 60,28681,28764,0.375
 53,28920,29007,0.375
 62,28921,29006,0.375
 58,28922,29006,0.375
 53,29157,29245,0.375
 62,29160,29242,0.375
 58,29162,29244,0.375
 58,29397,29483,0.375
 62,29401,29486,0.375
 53,29403,29486,0.375
 53,29637,29719,0.375
 58,29639,29721,0.375
 62,29641,29727,0.375
 53,29763,29881,0.5
 57,29877,29965,0.375
 65,29877,29965,0.375
 60,29880,29962,0.375
 48,29999,30115,0.5
 60,30117,30202,0.375
 65,30118,30206,0.375
 57,30121,30209,0.375
 53,30237,30320,0.375
 52,30357,30440,0.375
 50,30477,30565,0.375
 48,30601,30689,0.375
 55,30723,30842,0.5
 58,30840,30922,0.375
 60,30841,30928,0.375
 64,30841,30925,0.375
 48,30958,31079,0.5
 60,31081,31165,0.375
 58,31081,31165,0.375
 64,31082,31165,0.375
 52,31202,31318,0.5
 64,31317,31402,0.375
 60,31323,31405,0.375
 58,31323,31408,0.375
 48,31437,31553,0.5
 60,31561,31645,0.375
 58,31562,31646,0.375
 64,31562,31647,0.375
 53,31683,31801,0.5
 62,31797,31854,0.25
 50,31801,31862,0.25
 48,31857,31974,0.5
 60,31861,31976,0.5
 57,31980,32036,0.25
 55,32043,32159,0.5
 53,32159,32244,0.375
 57,32277,32364,0.375
 58,32398,32484,0.375
 59,32518,32604,0.375
 60,32638,32754,0.5
 48,32641,32758,0.5
 59,32762,32819,0.25
 58,32823,32939,0.5
 57,32942,33003,0.25
 55,32997,33057,0.25
 53,33061,33116,0.25
 52,33122,33241,0.5
 48,33240,33327,0.375
 50,33358,33440,0.375
 52,33481,33568,0.375
 53,33599,33720,0.5
 60,33721,33807,0.375
 57,33721,33806,0.375
 65,33723,33809,0.375
 57,33958,34041,0.375
 60,33961,34047,0.375
 65,33961,34045,0.375
 65,34197,34282,0.375
 60,34201,34285,0.375
 57,34201,34284,0.375
 65,34440,34526,0.375
 57,34441,34529,0.375
 60,34441,34523,0.375
 58,34678,34766,0.375
 64,34680,34763,0.375
 60,34681,34766,0.375
 64,34921,35003,0.375
 60,34922,35006,0.375
 58,34923,35010,0.375
 58,35159,35247,0.375
 60,35159,35245,0.375
 64,35160,35245,0.375
 58,35399,35486,0.375
 64,35399,35485,0.375
 60,35403,35491,0.375
 65,35640,35726,0.375
 57,35641,35725,0.375
 60,35641,35723,0.375
 65,35879,35967,0.375
 56,35880,35963,0.375
 59,35883,35971,0.375
 53,35998,36115,0.5
 57,36122,36206,0.375
 58,36240,36323,0.375
 59,36360,36446,0.375
 48,36479,36600,0.5
 60,36480,36597,0.5
 59,36602,36663,0.25
 58,36663,36784,0.5
 57,36777,36837,0.25
 55,36843,36899,0.25
 53,36897,36952,0.25
 52,36959,37080,0.5
 48,37080,37167,0.375
 50,37198,37282,0.375
 52,37318,37405,0.375
 53,37439,37560,0.5
 57,37557,37639,0.375
 60,37562,37645,0.375
 65,37563,37647,0.375
 65,37797,37882,0.375
 57,37802,37885,0.375
 60,37803,37890,0.375
 65,38037,38119,0.375
 57,38039,38121,0.375
 60,38042,38124,0.375
 57,38278,38360,0.375
 60,38278,38361,0.375
 65,38280,38365,0.375
 50,38460,38519,0.25
 53,38518,38577,0.25
 56,38577,38634,0.25
 59,38642,38699,0.25
 62,38700,38755,0.25
 65,38757,38813,0.25
 68,38819,38880,0.25
 53,38877,38998,0.5
 51,39000,39119,0.5
 50,39118,39354,1.0
 50,39362,39482,0.5
 55,39478,39597,0.5
 59,39480,39600,0.5
 65,39481,39601,0.5
 48,39597,39717,0.5
 64,39718,39836,0.5
 58,39722,39841,0.5
 60,39723,39838,0.5
 65,39837,39957,0.5
 53,39842,39957,0.5
 60,39960,40079,0.5
 48,39960,40077,0.5
 53,40079,40198,0.5
 58,40318,40435,0.5
 62,40438,40525,0.375
 53,40439,40521,0.375
 58,40442,40529,0.375
 58,40563,40678,0.5
 59,40683,40768,0.375
 48,40802,40922,0.5
 60,40803,40918,0.5
 63,40920,41008,0.375
 57,40921,41003,0.375
 53,40923,41009,0.375
 57,41160,41242,0.375
 53,41161,41243,0.375
 63,41163,41250,0.375
 58,41281,41398,0.5
 53,41401,41488,0.375
 58,41402,41486,0.375
 62,41403,41489,0.375
 58,41521,41642,0.5
 59,41640,41728,0.375
 60,41759,41877,0.5
 48,41760,41878,0.5
 53,41877,41963,0.375
 57,41879,41964,0.375
 63,41880,41962,0.375
 53,42117,42202,0.375
 57,42121,42204,0.375
 63,42123,42209,0.375
 62,42241,42357,0.5
 62,42359,42478,0.5
 61,42478,42597,0.5
 61,42599,42717,0.5
 60,42719,42835,0.5
 60,42837,42957,0.5
 58,42960,43078,0.5
 55,43197,43317,0.5
 60,43318,43406,0.375
 64,43318,43405,0.375
 58,43323,43409,0.375
 58,43558,43644,0.375
 64,43558,43641,0.375
 60,43562,43644,0.375
 53,43681,43796,0.5
 53,43798,43919,0.5
 55,43922,44043,0.5
 57,44042,44163,0.5
 58,44162,44278,0.5
 62,44279,44366,0.375
 53,44279,44364,0.375
 58,44281,44365,0.375
 58,44398,44517,0.5
 59,44520,44602,0.375
 48,44640,44759,0.5
 60,44642,44763,0.5
 53,44757,44845,0.375
 57,44758,44845,0.375
 63,44760,44845,0.375
 63,44997,45079,0.375
 57,45002,45085,0.375
 53,45003,45089,0.375
 58,45118,45239,0.5
 53,45240,45322,0.375
 62,45242,45324,0.375
 58,45243,45327,0.375
 58,45363,45482,0.5
 59,45482,45570,0.375
 60,45597,45715,0.5
 48,45597,45718,0.5
 63,45719,45806,0.375
 57,45721,45804,0.375
 53,45722,45806,0.375
 63,45959,46046,0.375
 53,45959,46042,0.375
 57,45961,46047,0.375
 62,46078,46195,0.5
 62,46199,46319,0.5
 61,46319,46438,0.5
 61,46440,46560,0.5
 60,46557,46677,0.5
 60,46683,46802,0.5
 58,46799,46915,0.5
 55,47037,47158,0.5
 60,47161,47249,0.375
 58,47161,47246,0.375
 64,47163,47248,0.375
 57,47398,47482,0.375
 53,47402,47485,0.375
 51,47403,47486,0.375
 58,47520,47639,0.5
 53,47639,47757,0.5
 55,47762,47881,0.5
 57,47878,47996,0.5
 58,47999,48114,0.5
 62,48122,48204,0.375
 53,48123,48211,0.375
 58,48123,48209,0.375
 58,48237,48353,0.5
 59,48360,48442,0.375
 60,48478,48596,0.5
 48,48482,48598,0.5
 53,48597,48685,0.375
 57,48598,48684,0.375
 63,48602,48687,0.375
 63,48837,48919,0.375
 57,48839,48923,0.375
 53,48842,48926,0.375
 58,48958,49073,0.5
 58,49080,49162,0.375
 53,49081,49166,0.375
 62,49083,49171,0.375
 58,49200,49319,0.5
 59,49317,49402,0.375
 48,49440,49561,0.5
 60,49443,49562,0.5
 53,49559,49645,0.375
 63,49560,49642,0.375
 57,49562,49647,0.375
 53,49798,49881,0.375
 57,49799,49881,0.375
 63,49800,49885,0.375
 62,49922,50041,0.5
 62,50043,50159,0.5
 61,50163,50279,0.5
 61,50282,50401,0.5
 60,50399,50515,0.5
 60,50517,50637,0.5
 58,50643,50763,0.5
 55,50877,50996,0.5
 58,50999,51085,0.375
 64,51002,51090,0.375
 60,51003,51090,0.375
 64,51238,51321,0.375
 60,51241,51325,0.375
 58,51241,51327,0.375
 53,51361,51477,0.5
 53,51479,51600,0.5
 55,51599,51714,0.5
 57,51720,51835,0.5
 58,51843,51955,0.5
 58,51957,52040,0.375
 53,51958,52044,0.375
 62,51959,52043,0.375
 58,52081,52201,0.5
 59,52201,52289,0.375
 48,52318,52433,0.5
 60,52320,52439,0.5
 63,52437,52521,0.375
 53,52440,52525,0.375
 57,52442,52530,0.375
 63,52677,52762,0.375
 53,52679,52765,0.375
 57,52681,52769,0.375
 58,52798,52915,0.5
 58,52917,53003,0.375
 62,52922,53005,0.375
 53,52923,53007,0.375
 58,53037,53157,0.5
 59,53158,53240,0.375
 48,53281,53397,0.5
 60,53283,53401,0.5
 63,53399,53485,0.375
 57,53401,53485,0.375
 53,53402,53487,0.375
 53,53637,53723,0.375
 57,53639,53725,0.375
 63,53640,53728,0.375
 62,53761,53876,0.5
 62,53882,53997,0.5
 61,53999,54118,0.5
 61,54119,54237,0.5
 60,54237,54356,0.5
 60,54363,54478,0.5
 58,54483,54599,0.5
 55,54719,54836,0.5
 64,54839,54927,0.375
 58,54840,54922,0.375
 60,54841,54927,0.375
 57,55080,55168,0.375
 51,55082,55170,0.375
 53,55083,55166,0.375
 58,55198,55316,0.5
 50,55320,55406,0.375
 62,55322,55404,0.375
 51,55438,55556,0.5
 63,55439,55559,0.5
 52,55561,55647,0.375
 64,55563,55650,0.375
 65,55677,55797,0.5
 53,55681,55800,0.5
 52,55801,55861,0.25
 64,55802,55861,0.25
 63,55860,55979,0.5
 51,55863,55979,0.5
 62,55977,56035,0.25
 50,55981,56036,0.25
 48,56041,56101,0.25
 60,56041,56102,0.25
 58,56098,56156,0.25
 57,56158,56274,0.5
 53,56277,56362,0.375
 55,56399,56481,0.375
 57,56521,56608,0.375
 58,56643,56758,0.5
 53,56758,56842,0.375
 58,56760,56842,0.375
 62,56761,56843,0.375
 53,56998,57086,0.375
 58,56999,57085,0.375
 62,57001,57086,0.375
 62,57237,57320,0.375
 58,57237,57325,0.375
 53,57242,57328,0.375
 58,57477,57559,0.375
 62,57481,57568,0.375
 53,57481,57565,0.375
 48,57597,57718,0.5
 57,57718,57806,0.375
 63,57718,57805,0.375
 53,57719,57807,0.375
 63,57958,58045,0.375
 57,57962,58048,0.375
 53,57963,58045,0.375
 48,58083,58204,0.5
 57,58198,58285,0.375
 63,58201,58283,0.375
 53,58202,58289,0.375
 53,58438,58525,0.375
 57,58438,58525,0.375
 63,58442,58528,0.375
 58,58679,58762,0.375
 53,58679,58764,0.375
 62,58683,58771,0.375
 52,58917,59005,0.375
 61,58920,59008,0.375
 58,58922,59008,0.375
 58,59039,59157,0.5
 50,59159,59222,0.25
 62,59160,59221,0.25
 51,59280,59365,0.375
 63,59282,59370,0.375
 52,59402,59461,0.25
 64,59403,59462,0.25
 53,59518,59637,0.5
 65,59518,59636,0.5
 64,59641,59699,0.25
 52,59643,59699,0.25
 51,59703,59823,0.5
 63,59703,59823,0.5
 62,59819,59876,0.25
 50,59822,59879,0.25
 60,59879,59935,0.25
 48,59880,59936,0.25
 58,59939,59999,0.25
 57,60002,60117,0.5
 53,60123,60205,0.375
 55,60238,60320,0.375
 57,60362,60448,0.375
 58,60482,60598,0.5
 53,60598,60686,0.375
 58,60599,60683,0.375
 62,60602,60689,0.375
 53,60841,60929,0.375
 62,60842,60926,0.375
 58,60842,60927,0.375
 58,61080,61163,0.375
 62,61081,61164,0.375
 53,61083,61167,0.375
 62,61317,61400,0.375
 53,61319,61401,0.375
 58,61323,61406,0.375
 49,61617,61675,0.25
 52,61681,61737,0.25
 55,61740,61801,0.25
 58,61800,61915,0.5
 58,61918,62038,0.5
 56,62041,62160,0.5
 55,62158,62276,0.5
 55,62403,62522,0.5
 64,62518,62602,0.375
 58,62523,62610,0.375
 60,62523,62608,0.375
 51,62757,62839,0.375
 57,62759,62846,0.375
 53,62762,62849,0.375
 58,62878,62997,0.5
 62,62997,63084,0.375
 50,62999,63083,0.375
 51,63117,63203,0.375
 63,63123,63206,0.375
 52,63239,63322,0.375
 64,63240,63322,0.375
 53,63360,63479,0.5
 65,63363,63479,0.5
 64,63481,63541,0.25
 52,63481,63540,0.25
 63,63540,63660,0.5
 51,63543,63663,0.5
 50,63657,63717,0.25
 62,63660,63717,0.25
 60,63721,63778,0.25
 48,63722,63783,0.25
 58,63779,63835,0.25
 57,63842,63961,0.5
 53,63960,64043,0.375
 55,64078,64164,0.375
 57,64198,64281,0.375
 58,64318,64433,0.5
 58,64438,64522,0.375
 53,64441,64526,0.375
 62,64442,64525,0.375
 62,64682,64767,0.375
 53,64682,64766,0.375
 58,64683,64765,0.375
 53,64918,65006,0.375
 62,64920,65007,0.375
 58,64922,65009,0.375
 62,65158,65240,0.375
 53,65159,65244,0.375
 58,65162,65244,0.375
 48,65279,65400,0.5
 53,65397,65482,0.375
 63,65398,65484,0.375
 57,65399,65483,0.375
 53,65637,65723,0.375
 63,65639,65723,0.375
 57,65643,65725,0.375
 48,65759,65880,0.5
 57,65878,65966,0.375
 63,65878,65961,0.375
 53,65882,65968,0.375
 57,66119,66206,0.375
 53,66120,66206,0.375
 63,66121,66207,0.375
 53,66358,66441,0.375
 58,66358,66445,0.375
 62,66361,66444,0.375
 52,66600,66685,0.375
 61,66602,66687,0.375
 58,66603,66688,0.375
 58,66717,66836,0.5
 62,66839,66897,0.25
 50,66840,66899,0.25
 63,66961,67048,0.375
 51,66963,67047,0.375
 64,67078,67142,0.25
 52,67081,67142,0.25
 53,67200,67317,0.5
 65,67202,67318,0.5
 52,67318,67374,0.25
 64,67323,67383,0.25
 63,67377,67496,0.5
 51,67378,67498,0.5
 50,67500,67555,0.25
 62,67503,67559,0.25
 60,67559,67619,0.25
 48,67563,67622,0.25
 58,67618,67673,0.25
 57,67680,67800,0.5
 53,67799,67883,0.375
 55,67920,68004,0.375
 57,68038,68120,0.375
 58,68161,68280,0.5
 62,68279,68364,0.375
 58,68281,68364,0.375
 53,68283,68367,0.375
 62,68518,68601,0.375
 53,68518,68603,0.375
 58,68523,68611,0.375
 62,68757,68841,0.375
 53,68758,68844,0.375
 58,68761,68845,0.375
 53,69002,69090,0.375
 58,69002,69085,0.375
 62,69003,69089,0.375
 49,69299,69360,0.25
 52,69362,69421,0.25
 55,69423,69481,0.25
 58,69482,69601,0.5
 58,69602,69719,0.5
 56,69722,69838,0.5
 55,69838,69959,0.5
 55,70080,70197,0.5
 64,70197,70281,0.375
 58,70201,70288,0.375
 60,70201,70288,0.375
 57,70438,70522,0.375
 53,70439,70522,0.375
 51,70441,70529,0.375
 58,70562,70679,0.5
 53,70683,70800,0.5
=======
 86,0,50.0,0.25
 78,0,55.0,0.25
 74,0,55.0,0.25
 85,60,169.0,0.5
 74,180,295.0,0.5
 83,180,295.0,0.5
 78,180,295.0,0.5
 81,300,355.0,0.25
 79,360,415.0,0.25
 78,420,475.0,0.25
 76,480,530.0,0.25
 74,540,643.0,0.375
 74,660,938.0,1.0
 86,960,1010.0,0.25
 78,960,1015.0,0.25
 74,960,1015.0,0.25
 85,1020,1129.0,0.5
 78,1140,1255.0,0.5
 83,1140,1255.0,0.5
 75,1140,1255.0,0.5
 83,1260,1310.0,0.25
 78,1320,1421.0,0.375
 84,1320,1421.0,0.375
 75,1320,1421.0,0.375
 79,1920,1975.0,0.25
 88,1920,1970.0,0.25
 76,1920,1975.0,0.25
 86,1980,2089.0,0.5
 85,2100,2215.0,0.5
 76,2100,2215.0,0.5
 79,2100,2215.0,0.5
 83,2220,2275.0,0.25
 81,2280,2335.0,0.25
 79,2340,2395.0,0.25
 78,2400,2455.0,0.25
 76,2460,2569.0,0.5
 76,2580,2858.0,1.0
 81,2880,3049.0,0.75
 79,2880,3049.0,0.75
 88,2880,2930.0,0.25
 85,2940,3049.0,0.5
 86,3060,3115.0,0.25
 85,3120,3223.0,0.375
 88,3120,3223.0,0.375
 79,3120,3223.0,0.375
 80,3240,3343.0,0.375
 86,3240,3343.0,0.375
 89,3240,3343.0,0.375
 74,3840,3895.0,0.25
 86,3840,3890.0,0.25
 78,3840,3895.0,0.25
 85,3900,4009.0,0.5
 78,4020,4135.0,0.5
 74,4020,4135.0,0.5
 83,4020,4135.0,0.5
 81,4140,4195.0,0.25
 79,4200,4255.0,0.25
 78,4260,4315.0,0.25
 76,4320,4370.0,0.25
 74,4380,4483.0,0.375
 74,4500,4778.0,1.0
 78,4800,4855.0,0.25
 74,4800,4855.0,0.25
 86,4800,4850.0,0.25
 83,4860,4969.0,0.5
 74,4980,5095.0,0.5
 81,4980,5095.0,0.5
 78,4980,5095.0,0.5
 83,5100,5150.0,0.25
 84,5160,5261.0,0.375
 91,5400,5455.0,0.25
 95,5460,5515.0,0.25
 91,5520,5570.0,0.25
 88,5580,5744.0,0.625
 71,5760,5866.0,0.5
 62,5760,5866.0,0.5
 70,5880,5986.0,0.5
 62,5880,5986.0,0.5
 62,6000,6106.0,0.5
 69,6000,6106.0,0.5
 74,6120,6226.0,0.5
 66,6120,6226.0,0.5
 66,6240,6346.0,0.5
 71,6240,6346.0,0.5
 69,6360,6466.0,0.5
 75,6360,6466.0,0.5
 76,6480,6586.0,0.5
 71,6480,6586.0,0.5
 71,6600,6701.0,0.375
 79,6600,6701.0,0.375
 76,6720,6775.0,0.25
 75,6780,6835.0,0.25
 76,6840,6895.0,0.25
 78,6900,6955.0,0.25
 76,6960,7069.0,0.5
 69,6960,7069.0,0.5
 67,7080,7181.0,0.375
 73,7080,7181.0,0.375
 74,7200,7418.0,0.875
 66,7200,7418.0,0.875
 93,7440,7495.0,0.25
 81,7440,7495.0,0.25
 81,7500,7555.0,0.25
 93,7500,7555.0,0.25
 81,7560,7669.0,0.5
 93,7560,7669.0,0.5
 86,7680,7730.0,0.25
 78,7680,7735.0,0.25
 74,7680,7735.0,0.25
 85,7740,7849.0,0.5
 74,7860,7975.0,0.5
 83,7860,7975.0,0.5
 78,7860,7975.0,0.5
 81,7980,8035.0,0.25
 79,8040,8095.0,0.25
 78,8100,8155.0,0.25
 76,8160,8210.0,0.25
 74,8220,8323.0,0.375
 74,8340,8618.0,1.0
 86,8640,8690.0,0.25
 78,8640,8695.0,0.25
 74,8640,8695.0,0.25
 85,8700,8809.0,0.5
 78,8820,8935.0,0.5
 83,8820,8935.0,0.5
 75,8820,8935.0,0.5
 83,8940,8990.0,0.25
 78,9000,9101.0,0.375
 84,9000,9101.0,0.375
 75,9000,9101.0,0.375
 79,9600,9655.0,0.25
 88,9600,9650.0,0.25
 76,9600,9655.0,0.25
 86,9660,9769.0,0.5
 85,9780,9895.0,0.5
 76,9780,9895.0,0.5
 79,9780,9895.0,0.5
 83,9900,9955.0,0.25
 81,9960,10015.0,0.25
 79,10020,10075.0,0.25
 78,10080,10135.0,0.25
 76,10140,10249.0,0.5
 76,10260,10538.0,1.0
 81,10560,10729.0,0.75
 79,10560,10729.0,0.75
 88,10560,10610.0,0.25
 85,10620,10729.0,0.5
 86,10740,10795.0,0.25
 85,10800,10903.0,0.375
 88,10800,10903.0,0.375
 79,10800,10903.0,0.375
 80,10920,11023.0,0.375
 86,10920,11023.0,0.375
 89,10920,11023.0,0.375
 74,11520,11575.0,0.25
 86,11520,11570.0,0.25
 78,11520,11575.0,0.25
 85,11580,11689.0,0.5
 78,11700,11815.0,0.5
 74,11700,11815.0,0.5
 83,11700,11815.0,0.5
 81,11820,11875.0,0.25
 79,11880,11935.0,0.25
 78,11940,11995.0,0.25
 76,12000,12050.0,0.25
 74,12060,12163.0,0.375
 74,12180,12458.0,1.0
 78,12480,12535.0,0.25
 74,12480,12535.0,0.25
 86,12480,12530.0,0.25
 83,12540,12649.0,0.5
 74,12660,12775.0,0.5
 81,12660,12775.0,0.5
 78,12660,12775.0,0.5
 83,12780,12830.0,0.25
 84,12840,12941.0,0.375
 91,13080,13135.0,0.25
 95,13140,13195.0,0.25
 91,13200,13250.0,0.25
 88,13260,13424.0,0.625
 71,13440,13546.0,0.5
 62,13440,13546.0,0.5
 70,13560,13666.0,0.5
 62,13560,13666.0,0.5
 62,13680,13786.0,0.5
 69,13680,13786.0,0.5
 74,13800,13906.0,0.5
 66,13800,13906.0,0.5
 66,13920,14026.0,0.5
 71,13920,14026.0,0.5
 69,14040,14146.0,0.5
 75,14040,14146.0,0.5
 76,14160,14266.0,0.5
 71,14160,14266.0,0.5
 71,14280,14381.0,0.375
 79,14280,14381.0,0.375
 76,14400,14455.0,0.25
 75,14460,14515.0,0.25
 76,14520,14575.0,0.25
 78,14580,14635.0,0.25
 76,14640,14749.0,0.5
 69,14640,14749.0,0.5
 67,14760,14861.0,0.375
 73,14760,14861.0,0.375
 74,14880,15086.0,0.875
 66,14880,15086.0,0.875
 74,15120,15312.0,0.75
 78,15120,15312.0,0.75
 86,15120,15312.0,0.75
 65,15360,15524.0,0.625
 69,15540,15595.0,0.25
 67,15600,15650.0,0.25
 65,15660,15769.0,0.5
 64,15780,15835.0,0.25
 65,15840,16004.0,0.625
 69,16020,16075.0,0.25
 67,16080,16130.0,0.25
 65,16140,16249.0,0.5
 64,16260,16315.0,0.25
 62,16320,16421.0,0.375
 77,16440,16549.0,0.5
 81,16440,16549.0,0.5
 69,16440,16549.0,0.5
 69,16560,16669.0,0.5
 81,16560,16669.0,0.5
 76,16560,16669.0,0.5
 69,16680,16789.0,0.5
 81,16680,16789.0,0.5
 74,16680,16789.0,0.5
 81,16800,16850.0,0.25
 74,16800,16969.0,0.75
 70,16800,16969.0,0.75
 79,16860,16969.0,0.5
 67,16980,17035.0,0.25
 70,16980,17035.0,0.25
 79,16980,17095.0,0.5
 77,17100,17155.0,0.25
 76,17160,17215.0,0.25
 74,17220,17275.0,0.25
 69,17280,17389.0,0.5
 67,17280,17389.0,0.5
 73,17280,17389.0,0.5
 69,17400,17455.0,0.25
 73,17400,17455.0,0.25
 67,17400,17455.0,0.25
 76,17460,17515.0,0.25
 74,17520,17575.0,0.25
 67,17520,17689.0,0.75
 69,17520,17689.0,0.75
 73,17580,17689.0,0.5
 69,17700,17869.0,0.75
 65,17700,17869.0,0.75
 74,17700,17869.0,0.75
 69,17880,17935.0,0.25
 70,17940,18055.0,0.5
 69,18060,18115.0,0.25
 67,18120,18175.0,0.25
 65,18180,18235.0,0.25
 64,18240,18349.0,0.5
 64,18360,18415.0,0.25
 65,18420,18475.0,0.25
 64,18480,18535.0,0.25
 62,18540,18649.0,0.5
 69,18660,18829.0,0.75
 61,18660,18829.0,0.75
 68,18840,18895.0,0.25
 69,18900,19015.0,0.5
 68,19020,19075.0,0.25
 69,19080,19135.0,0.25
 67,19140,19195.0,0.25
 66,19200,19364.0,0.625
 69,19380,19435.0,0.25
 67,19440,19490.0,0.25
 66,19500,19609.0,0.5
 64,19620,19675.0,0.25
 66,19680,19844.0,0.625
 69,19860,19915.0,0.25
 67,19920,19970.0,0.25
 66,19980,20089.0,0.5
 64,20100,20155.0,0.25
 62,20160,20251.0,0.375
 90,20280,20307.0,0.125
 86,20310,20337.0,0.125
 81,20340,20367.0,0.125
 78,20370,20397.0,0.125
 74,20400,20455.0,0.25
 69,20460,20515.0,0.25
 66,20520,20575.0,0.25
 69,20580,20635.0,0.25
 67,20640,20809.0,0.75
 72,20640,20690.0,0.25
 71,20700,20809.0,0.5
 71,20820,20935.0,0.5
 67,20820,20935.0,0.5
 74,20940,20990.0,0.25
 79,21000,21101.0,0.375
 71,21000,21101.0,0.375
 67,21000,21101.0,0.375
 70,21120,21175.0,0.25
 65,21180,21235.0,0.25
 70,21240,21295.0,0.25
 72,21300,21355.0,0.25
 74,21360,21415.0,0.25
 77,21420,21475.0,0.25
 82,21480,21535.0,0.25
 80,21540,21595.0,0.25
 81,21600,21655.0,0.25
 90,21660,21715.0,0.25
 86,21720,21775.0,0.25
 81,21780,21835.0,0.25
 78,21840,21895.0,0.25
 74,21900,21955.0,0.25
 69,21960,22015.0,0.25
 74,22020,22075.0,0.25
 76,22080,22244.0,0.625
 74,22260,22315.0,0.25
 73,22320,22370.0,0.25
 78,22380,22489.0,0.5
 66,22500,22663.0,0.625
 74,22500,22663.0,0.625
 69,22680,22733.0,0.25
 57,22680,22733.0,0.25
 57,22740,22793.0,0.25
 69,22740,22793.0,0.25
 57,22800,22906.0,0.5
 69,22800,22906.0,0.5
 67,22920,23021.0,0.375
 57,22920,23021.0,0.375
 65,23040,23204.0,0.625
 69,23220,23275.0,0.25
 67,23280,23330.0,0.25
 65,23340,23449.0,0.5
 64,23460,23515.0,0.25
 65,23520,23684.0,0.625
 69,23700,23755.0,0.25
 67,23760,23810.0,0.25
 65,23820,23929.0,0.5
 64,23940,23995.0,0.25
 62,24000,24101.0,0.375
 77,24120,24229.0,0.5
 81,24120,24229.0,0.5
 69,24120,24229.0,0.5
 69,24240,24349.0,0.5
 81,24240,24349.0,0.5
 76,24240,24349.0,0.5
 69,24360,24469.0,0.5
 81,24360,24469.0,0.5
 74,24360,24469.0,0.5
 81,24480,24530.0,0.25
 74,24480,24649.0,0.75
 70,24480,24649.0,0.75
 79,24540,24649.0,0.5
 67,24660,24715.0,0.25
 70,24660,24715.0,0.25
 79,24660,24775.0,0.5
 77,24780,24835.0,0.25
 76,24840,24895.0,0.25
 74,24900,24955.0,0.25
 69,24960,25069.0,0.5
 67,24960,25069.0,0.5
 73,24960,25069.0,0.5
 69,25080,25135.0,0.25
 73,25080,25135.0,0.25
 67,25080,25135.0,0.25
 76,25140,25195.0,0.25
 74,25200,25255.0,0.25
 67,25200,25369.0,0.75
 69,25200,25369.0,0.75
 73,25260,25369.0,0.5
 69,25380,25549.0,0.75
 65,25380,25549.0,0.75
 74,25380,25549.0,0.75
 69,25560,25615.0,0.25
 70,25620,25735.0,0.5
 69,25740,25795.0,0.25
 67,25800,25855.0,0.25
 65,25860,25915.0,0.25
 64,25920,26029.0,0.5
 64,26040,26095.0,0.25
 65,26100,26155.0,0.25
 64,26160,26215.0,0.25
 62,26220,26329.0,0.5
 69,26340,26509.0,0.75
 61,26340,26509.0,0.75
 68,26520,26575.0,0.25
 69,26580,26695.0,0.5
 68,26700,26755.0,0.25
 69,26760,26815.0,0.25
 67,26820,26875.0,0.25
 66,26880,27044.0,0.625
 69,27060,27115.0,0.25
 67,27120,27170.0,0.25
 66,27180,27289.0,0.5
 64,27300,27355.0,0.25
 66,27360,27524.0,0.625
 69,27540,27595.0,0.25
 67,27600,27650.0,0.25
 66,27660,27769.0,0.5
 64,27780,27835.0,0.25
 62,27840,27931.0,0.375
 90,27960,27987.0,0.125
 86,27990,28017.0,0.125
 81,28020,28047.0,0.125
 78,28050,28077.0,0.125
 74,28080,28135.0,0.25
 69,28140,28195.0,0.25
 66,28200,28255.0,0.25
 69,28260,28315.0,0.25
 67,28320,28489.0,0.75
 72,28320,28370.0,0.25
 71,28380,28489.0,0.5
 71,28500,28615.0,0.5
 67,28500,28615.0,0.5
 74,28620,28670.0,0.25
 79,28680,28781.0,0.375
 71,28680,28781.0,0.375
 67,28680,28781.0,0.375
 70,28800,28855.0,0.25
 65,28860,28915.0,0.25
 70,28920,28975.0,0.25
 72,28980,29035.0,0.25
 74,29040,29095.0,0.25
 77,29100,29155.0,0.25
 82,29160,29215.0,0.25
 80,29220,29275.0,0.25
 81,29280,29335.0,0.25
 90,29340,29395.0,0.25
 86,29400,29455.0,0.25
 81,29460,29515.0,0.25
 78,29520,29575.0,0.25
 74,29580,29635.0,0.25
 69,29640,29695.0,0.25
 74,29700,29755.0,0.25
 76,29760,29924.0,0.625
 74,29940,29995.0,0.25
 73,30000,30050.0,0.25
 78,30060,30169.0,0.5
 66,30180,30446.0,1.0
 74,30180,30446.0,1.0
 86,30480,30672.0,0.75
 74,30480,30672.0,0.75
 78,30480,30672.0,0.75
 74,30720,30884.0,0.625
 68,30720,30884.0,0.625
 64,30720,30884.0,0.625
 73,30900,30955.0,0.25
 64,30960,31015.0,0.25
 68,30960,31015.0,0.25
 74,30960,31015.0,0.25
 76,31020,31129.0,0.5
 75,31140,31195.0,0.25
 64,31200,31364.0,0.625
 74,31200,31364.0,0.625
 68,31200,31364.0,0.625
 73,31380,31435.0,0.25
 74,31440,31495.0,0.25
 68,31440,31495.0,0.25
 64,31440,31495.0,0.25
 76,31500,31609.0,0.5
 77,31620,31675.0,0.25
 73,31680,31789.0,0.5
 69,31680,31789.0,0.5
 78,31680,31789.0,0.5
 75,31800,31850.0,0.25
 76,31860,31975.0,0.5
 73,31860,31918.0,0.25
 69,31860,31918.0,0.25
 73,31980,32035.0,0.25
 69,32040,32149.0,0.5
 69,32160,32269.0,0.5
 73,32160,32269.0,0.5
 78,32160,32269.0,0.5
 80,32280,32330.0,0.25
 69,32340,32398.0,0.25
 78,32340,32455.0,0.5
 73,32340,32398.0,0.25
 76,32460,32515.0,0.25
 73,32520,32575.0,0.25
 69,32580,32635.0,0.25
 68,32640,32863.0,0.875
 76,32760,32863.0,0.375
 71,32760,32863.0,0.375
 80,32760,32863.0,0.375
 69,32880,32983.0,0.375
 74,32880,32983.0,0.375
 78,32880,32983.0,0.375
 66,32880,32983.0,0.375
 71,33000,33103.0,0.375
 74,33000,33103.0,0.375
 65,33000,33103.0,0.375
 77,33000,33103.0,0.375
 76,33120,33293.0,0.75
 74,33120,33293.0,0.75
 71,33120,33293.0,0.75
 64,33120,33293.0,0.75
 76,33300,33352.0,0.25
 71,33300,33352.0,0.25
 78,33300,33352.0,0.25
 66,33300,33352.0,0.25
 80,33360,33463.0,0.375
 71,33360,33463.0,0.375
 76,33360,33463.0,0.375
 68,33360,33463.0,0.375
 83,33480,33583.0,0.375
 76,33480,33583.0,0.375
 80,33480,33583.0,0.375
 71,33480,33583.0,0.375
 76,33720,33823.0,0.375
 85,33720,33823.0,0.375
 73,33720,33823.0,0.375
 81,33720,33823.0,0.375
 78,33840,33892.0,0.25
 86,33840,33892.0,0.25
 81,33840,33892.0,0.25
 74,33840,33892.0,0.25
 85,33900,34009.0,0.5
 73,33900,34009.0,0.5
 73,34020,34298.0,1.0
 69,34020,34298.0,1.0
 81,34020,34298.0,1.0
 76,34020,34298.0,1.0
 64,34320,34429.0,0.5
 76,34320,34429.0,0.5
 81,34440,34549.0,0.5
 69,34440,34549.0,0.5
 68,34560,34675.0,0.5
 74,34560,34675.0,0.5
 80,34560,34675.0,0.5
 67,34680,34730.0,0.25
 79,34680,34730.0,0.25
 68,34740,34855.0,0.5
 74,34740,34855.0,0.5
 80,34740,34855.0,0.5
 71,34860,34915.0,0.25
 83,34860,34915.0,0.25
 88,34920,34975.0,0.25
 76,34920,34975.0,0.25
 91,34980,35035.0,0.25
 79,34980,35035.0,0.25
 92,35040,35155.0,0.5
 86,35040,35155.0,0.5
 80,35040,35155.0,0.5
 91,35160,35210.0,0.25
 79,35160,35210.0,0.25
 92,35220,35335.0,0.5
 80,35220,35335.0,0.5
 86,35220,35335.0,0.5
 87,35340,35395.0,0.25
 75,35340,35395.0,0.25
 88,35400,35455.0,0.25
 76,35400,35455.0,0.25
 72,35460,35515.0,0.25
 84,35460,35515.0,0.25
 76,35520,35629.0,0.5
 73,35520,35629.0,0.5
 85,35520,35629.0,0.5
 93,35640,35692.0,0.25
 81,35640,35692.0,0.25
 85,35640,35692.0,0.25
 80,35700,35812.0,0.5
 92,35700,35812.0,0.5
 85,35700,35812.0,0.5
 78,35820,35923.0,0.375
 90,35820,35923.0,0.375
 85,35820,35923.0,0.375
 76,35940,35992.0,0.25
 88,35940,35992.0,0.25
 73,36000,36055.0,0.25
 81,36000,36055.0,0.25
 85,36000,36055.0,0.25
 81,36060,36169.0,0.5
 71,36060,36169.0,0.5
 83,36060,36169.0,0.5
 81,36180,36295.0,0.5
 69,36180,36295.0,0.5
 71,36300,36355.0,0.25
 83,36300,36355.0,0.25
 72,36360,36469.0,0.5
 84,36360,36469.0,0.5
 77,36480,36595.0,0.5
 73,36480,36595.0,0.5
 85,36480,36595.0,0.5
 89,36600,36655.0,0.25
 77,36600,36655.0,0.25
 95,36660,36775.0,0.5
 83,36660,36775.0,0.5
 81,36780,36835.0,0.25
 93,36780,36835.0,0.25
 80,36840,36895.0,0.25
 92,36840,36895.0,0.25
 77,36900,36955.0,0.25
 89,36900,36955.0,0.25
 73,36960,37015.0,0.25
 85,36960,37015.0,0.25
 77,36960,37015.0,0.25
 77,37020,37075.0,0.25
 74,37020,37075.0,0.25
 86,37020,37075.0,0.25
 77,37080,37135.0,0.25
 85,37080,37135.0,0.25
 73,37080,37135.0,0.25
 71,37140,37255.0,0.5
 83,37140,37255.0,0.5
 74,37140,37255.0,0.5
 73,37260,37315.0,0.25
 81,37260,37315.0,0.25
 69,37260,37315.0,0.25
 71,37320,37429.0,0.5
 80,37320,37429.0,0.5
 68,37320,37429.0,0.5
 78,37560,37669.0,0.5
 69,37560,37669.0,0.5
 66,37560,37669.0,0.5
 73,37560,37669.0,0.5
 71,37680,37730.0,0.25
 80,37680,37730.0,0.25
 68,37680,37730.0,0.25
 73,37680,37730.0,0.25
 73,37740,37849.0,0.5
 68,37740,37849.0,0.5
 80,37740,37849.0,0.5
 71,37740,37849.0,0.5
 71,37860,37910.0,0.25
 77,37860,37910.0,0.25
 83,37860,37910.0,0.25
 69,37920,38138.0,0.875
 78,37920,38138.0,0.875
 81,37920,38138.0,0.875
 86,38160,38269.0,0.5
 78,38160,38269.0,0.5
 74,38160,38269.0,0.5
 78,38280,38389.0,0.5
 90,38280,38389.0,0.5
 81,38280,38389.0,0.5
 76,38400,38564.0,0.625
 88,38400,38564.0,0.625
 81,38400,38564.0,0.625
 90,38580,38695.0,0.5
 81,38580,38695.0,0.5
 78,38580,38695.0,0.5
 88,38700,38755.0,0.25
 76,38700,38755.0,0.25
 85,38760,38815.0,0.25
 73,38760,38815.0,0.25
 69,38820,38875.0,0.25
 81,38820,38875.0,0.25
 74,38880,38995.0,0.5
 68,38880,38995.0,0.5
 80,38880,38995.0,0.5
 71,39000,39055.0,0.25
 83,39000,39055.0,0.25
 76,39060,39175.0,0.5
 88,39060,39175.0,0.5
 82,39180,39235.0,0.25
 70,39180,39235.0,0.25
 71,39240,39349.0,0.5
 83,39240,39349.0,0.5
 69,39360,39943.0,1.0
 73,39360,39943.0,1.0
 81,39360,39943.0,1.0
 76,39360,39943.0,1.0
 76,39960,40012.0,0.25
 64,39960,40012.0,0.25
 76,40020,40072.0,0.25
 64,40020,40072.0,0.25
 64,40080,40186.0,0.5
 76,40080,40186.0,0.5
 69,40080,40186.0,0.5
 67,40200,40301.0,0.375
 64,40200,40301.0,0.375
 73,40200,40301.0,0.375
 74,40320,40484.0,0.625
 68,40320,40484.0,0.625
 64,40320,40484.0,0.625
 73,40500,40555.0,0.25
 64,40560,40615.0,0.25
 68,40560,40615.0,0.25
 74,40560,40615.0,0.25
 76,40620,40729.0,0.5
 75,40740,40795.0,0.25
 64,40800,40964.0,0.625
 74,40800,40964.0,0.625
 68,40800,40964.0,0.625
 73,40980,41035.0,0.25
 74,41040,41095.0,0.25
 68,41040,41095.0,0.25
 64,41040,41095.0,0.25
 76,41100,41209.0,0.5
 77,41220,41275.0,0.25
 73,41280,41389.0,0.5
 69,41280,41389.0,0.5
 78,41280,41389.0,0.5
 75,41400,41450.0,0.25
 76,41460,41575.0,0.5
 73,41460,41518.0,0.25
 69,41460,41518.0,0.25
 73,41580,41635.0,0.25
 69,41640,41749.0,0.5
 69,41760,41869.0,0.5
 73,41760,41869.0,0.5
 78,41760,41869.0,0.5
 80,41880,41930.0,0.25
 69,41940,41998.0,0.25
 78,41940,42055.0,0.5
 73,41940,41998.0,0.25
 76,42060,42115.0,0.25
 73,42120,42175.0,0.25
 69,42180,42235.0,0.25
 68,42240,42463.0,0.875
 76,42360,42463.0,0.375
 71,42360,42463.0,0.375
 80,42360,42463.0,0.375
 69,42480,42583.0,0.375
 74,42480,42583.0,0.375
 78,42480,42583.0,0.375
 66,42480,42583.0,0.375
 71,42600,42703.0,0.375
 74,42600,42703.0,0.375
 65,42600,42703.0,0.375
 77,42600,42703.0,0.375
 76,42720,42893.0,0.75
 74,42720,42893.0,0.75
 71,42720,42893.0,0.75
 64,42720,42893.0,0.75
 76,42900,42952.0,0.25
 71,42900,42952.0,0.25
 78,42900,42952.0,0.25
 66,42900,42952.0,0.25
 80,42960,43063.0,0.375
 71,42960,43063.0,0.375
 76,42960,43063.0,0.375
 68,42960,43063.0,0.375
 83,43080,43183.0,0.375
 76,43080,43183.0,0.375
 80,43080,43183.0,0.375
 71,43080,43183.0,0.375
 76,43320,43423.0,0.375
 85,43320,43423.0,0.375
 73,43320,43423.0,0.375
 81,43320,43423.0,0.375
 78,43440,43492.0,0.25
 86,43440,43492.0,0.25
 81,43440,43492.0,0.25
 74,43440,43492.0,0.25
 85,43500,43609.0,0.5
 73,43500,43609.0,0.5
 73,43620,43898.0,1.0
 69,43620,43898.0,1.0
 81,43620,43898.0,1.0
 76,43620,43898.0,1.0
 64,43920,44029.0,0.5
 76,43920,44029.0,0.5
 81,44040,44149.0,0.5
 69,44040,44149.0,0.5
 68,44160,44275.0,0.5
 74,44160,44275.0,0.5
 80,44160,44275.0,0.5
 67,44280,44330.0,0.25
 79,44280,44330.0,0.25
 68,44340,44455.0,0.5
 74,44340,44455.0,0.5
 80,44340,44455.0,0.5
 71,44460,44515.0,0.25
 83,44460,44515.0,0.25
 88,44520,44575.0,0.25
 76,44520,44575.0,0.25
 91,44580,44635.0,0.25
 79,44580,44635.0,0.25
 92,44640,44755.0,0.5
 86,44640,44755.0,0.5
 80,44640,44755.0,0.5
 91,44760,44810.0,0.25
 79,44760,44810.0,0.25
 92,44820,44935.0,0.5
 80,44820,44935.0,0.5
 86,44820,44935.0,0.5
 87,44940,44995.0,0.25
 75,44940,44995.0,0.25
 88,45000,45055.0,0.25
 76,45000,45055.0,0.25
 72,45060,45115.0,0.25
 84,45060,45115.0,0.25
 76,45120,45229.0,0.5
 73,45120,45229.0,0.5
 85,45120,45229.0,0.5
 93,45240,45292.0,0.25
 81,45240,45292.0,0.25
 85,45240,45292.0,0.25
 80,45300,45412.0,0.5
 92,45300,45412.0,0.5
 85,45300,45412.0,0.5
 78,45420,45523.0,0.375
 90,45420,45523.0,0.375
 85,45420,45523.0,0.375
 76,45540,45592.0,0.25
 88,45540,45592.0,0.25
 73,45600,45655.0,0.25
 81,45600,45655.0,0.25
 85,45600,45655.0,0.25
 81,45660,45769.0,0.5
 71,45660,45769.0,0.5
 83,45660,45769.0,0.5
 81,45780,45895.0,0.5
 69,45780,45895.0,0.5
 71,45900,45955.0,0.25
 83,45900,45955.0,0.25
 72,45960,46069.0,0.5
 84,45960,46069.0,0.5
 77,46080,46195.0,0.5
 73,46080,46195.0,0.5
 85,46080,46195.0,0.5
 89,46200,46255.0,0.25
 77,46200,46255.0,0.25
 95,46260,46375.0,0.5
 83,46260,46375.0,0.5
 81,46380,46435.0,0.25
 93,46380,46435.0,0.25
 80,46440,46495.0,0.25
 92,46440,46495.0,0.25
 77,46500,46555.0,0.25
 89,46500,46555.0,0.25
 73,46560,46615.0,0.25
 85,46560,46615.0,0.25
 77,46560,46615.0,0.25
 77,46620,46675.0,0.25
 74,46620,46675.0,0.25
 86,46620,46675.0,0.25
 77,46680,46735.0,0.25
 85,46680,46735.0,0.25
 73,46680,46735.0,0.25
 71,46740,46855.0,0.5
 83,46740,46855.0,0.5
 74,46740,46855.0,0.5
 73,46860,46915.0,0.25
 81,46860,46915.0,0.25
 69,46860,46915.0,0.25
 71,46920,47029.0,0.5
 80,46920,47029.0,0.5
 68,46920,47029.0,0.5
 78,47160,47269.0,0.5
 69,47160,47269.0,0.5
 66,47160,47269.0,0.5
 73,47160,47269.0,0.5
 71,47280,47330.0,0.25
 80,47280,47330.0,0.25
 68,47280,47330.0,0.25
 73,47280,47330.0,0.25
 73,47340,47449.0,0.5
 68,47340,47449.0,0.5
 80,47340,47449.0,0.5
 71,47340,47449.0,0.5
 71,47460,47510.0,0.25
 77,47460,47510.0,0.25
 83,47460,47510.0,0.25
 69,47520,47738.0,0.875
 78,47520,47738.0,0.875
 81,47520,47738.0,0.875
 86,47760,47869.0,0.5
 78,47760,47869.0,0.5
 74,47760,47869.0,0.5
 78,47880,47989.0,0.5
 90,47880,47989.0,0.5
 81,47880,47989.0,0.5
 76,48000,48164.0,0.625
 88,48000,48164.0,0.625
 81,48000,48164.0,0.625
 90,48180,48295.0,0.5
 81,48180,48295.0,0.5
 78,48180,48295.0,0.5
 88,48300,48355.0,0.25
 76,48300,48355.0,0.25
 85,48360,48415.0,0.25
 73,48360,48415.0,0.25
 69,48420,48475.0,0.25
 81,48420,48475.0,0.25
 74,48480,48595.0,0.5
 68,48480,48595.0,0.5
 80,48480,48595.0,0.5
 71,48600,48655.0,0.25
 83,48600,48655.0,0.25
 76,48660,48775.0,0.5
 88,48660,48775.0,0.5
 82,48780,48835.0,0.25
 70,48780,48835.0,0.25
 71,48840,48949.0,0.5
 83,48840,48949.0,0.5
 81,48960,49627.0,1.0
 76,48960,49627.0,1.0
 69,48960,49627.0,1.0
 73,48960,49627.0,1.0
 93,49680,49862.0,0.75
 88,49680,49862.0,0.75
 85,49680,49862.0,0.75
 81,49680,49862.0,0.75
 78,49920,49975.0,0.25
 74,49920,49975.0,0.25
 86,49920,49970.0,0.25
 85,49980,50089.0,0.5
 78,50100,50215.0,0.5
 74,50100,50215.0,0.5
 83,50100,50215.0,0.5
 81,50220,50275.0,0.25
 79,50280,50335.0,0.25
 78,50340,50395.0,0.25
 76,50400,50450.0,0.25
 74,50460,50566.0,0.5
 74,50580,50858.0,1.0
 74,50880,50935.0,0.25
 86,50880,50930.0,0.25
 78,50880,50935.0,0.25
 85,50940,51049.0,0.5
 75,51060,51175.0,0.5
 78,51060,51175.0,0.5
 83,51060,51175.0,0.5
 83,51180,51230.0,0.25
 78,51240,51341.0,0.375
 84,51240,51341.0,0.375
 75,51240,51341.0,0.375
 76,51840,51895.0,0.25
 88,51840,51895.0,0.25
 79,51840,51895.0,0.25
 86,51900,52009.0,0.5
 79,52020,52135.0,0.5
 85,52020,52135.0,0.5
 76,52020,52135.0,0.5
 83,52140,52195.0,0.25
 81,52200,52255.0,0.25
 79,52260,52315.0,0.25
 78,52320,52370.0,0.25
 76,52380,52486.0,0.5
 76,52500,52778.0,1.0
 81,52800,52969.0,0.75
 79,52800,52969.0,0.75
 88,52800,52850.0,0.25
 85,52860,52969.0,0.5
 86,52980,53030.0,0.25
 79,53040,53143.0,0.375
 88,53040,53143.0,0.375
 85,53040,53143.0,0.375
 86,53160,53263.0,0.375
 80,53160,53263.0,0.375
 89,53160,53263.0,0.375
 86,53760,53810.0,0.25
 78,53760,53815.0,0.25
 74,53760,53815.0,0.25
 85,53820,53929.0,0.5
 83,53940,54055.0,0.5
 78,53940,54055.0,0.5
 74,53940,54055.0,0.5
 81,54060,54115.0,0.25
 79,54120,54175.0,0.25
 78,54180,54235.0,0.25
 76,54240,54290.0,0.25
 74,54300,54406.0,0.5
 74,54420,54698.0,1.0
 74,54720,54775.0,0.25
 78,54720,54775.0,0.25
 86,54720,54770.0,0.25
 83,54780,54889.0,0.5
 78,54900,55015.0,0.5
 81,54900,55015.0,0.5
 74,54900,55015.0,0.5
 83,55020,55070.0,0.25
 84,55080,55181.0,0.375
 91,55320,55375.0,0.25
 95,55380,55435.0,0.25
 91,55440,55490.0,0.25
 88,55500,55664.0,0.625
 71,55680,55786.0,0.5
 62,55680,55786.0,0.5
 70,55800,55906.0,0.5
 62,55800,55906.0,0.5
 62,55920,56026.0,0.5
 69,55920,56026.0,0.5
 74,56040,56146.0,0.5
 66,56040,56146.0,0.5
 71,56160,56266.0,0.5
 66,56160,56266.0,0.5
 75,56280,56386.0,0.5
 69,56280,56386.0,0.5
 76,56400,56506.0,0.5
 71,56400,56506.0,0.5
 71,56520,56621.0,0.375
 79,56520,56621.0,0.375
 76,56640,56695.0,0.25
 75,56700,56755.0,0.25
 76,56760,56815.0,0.25
 78,56820,56875.0,0.25
 76,56880,56989.0,0.5
 69,56880,56989.0,0.5
 67,57000,57109.0,0.5
 73,57000,57109.0,0.5
 74,57120,57326.0,0.875
 66,57120,57326.0,0.875
 74,57360,57552.0,0.75
 78,57360,57552.0,0.75
 86,57360,57552.0,0.75
 66,57600,57764.0,0.625
 69,57780,57835.0,0.25
 67,57840,57890.0,0.25
 66,57900,58009.0,0.5
 64,58020,58075.0,0.25
 66,58080,58244.0,0.625
 69,58260,58315.0,0.25
 67,58320,58370.0,0.25
 66,58380,58489.0,0.5
 64,58500,58555.0,0.25
 62,58560,58651.0,0.375
 90,58680,58707.0,0.125
 88,58710,58737.0,0.125
 86,58740,58767.0,0.125
 81,58770,58797.0,0.125
 78,58800,58855.0,0.25
 76,58860,58915.0,0.25
 74,58920,58975.0,0.25
 69,58980,59035.0,0.25
 66,59040,59098.0,0.25
 64,59100,59158.0,0.25
 62,59160,59640.0,1.0
 86,720,821.0,0.375
 86,840,941.0,0.375
 85,1440,1666.0,1.0
 79,1440,1666.0,1.0
 76,1440,1666.0,1.0
 88,2640,2741.0,0.375
 88,2760,2861.0,0.375
 90,3360,3586.0,1.0
 81,3360,3586.0,1.0
 86,3360,3586.0,1.0
 86,4560,4661.0,0.375
 86,4680,4781.0,0.375
 83,5280,5506.0,1.0
 79,5280,5506.0,1.0
 74,5280,5506.0,1.0
 74,6720,6821.0,0.375
 68,6840,6941.0,0.375
 86,8400,8501.0,0.375
 86,8520,8621.0,0.375
 85,9120,9346.0,1.0
 79,9120,9346.0,1.0
 76,9120,9346.0,1.0
 88,10320,10421.0,0.375
 88,10440,10541.0,0.375
 90,11040,11266.0,1.0
 81,11040,11266.0,1.0
 86,11040,11266.0,1.0
 86,12240,12341.0,0.375
 86,12360,12461.0,0.375
 83,12960,13186.0,1.0
 79,12960,13186.0,1.0
 74,12960,13186.0,1.0
 74,14400,14501.0,0.375
 68,14520,14621.0,0.375
 62,15360,15578.0,0.875
 61,15600,15818.0,0.875
 62,15840,15949.0,0.5
 62,15960,16069.0,0.5
 61,16080,16298.0,0.875
 62,18240,18458.0,0.875
 59,18480,18644.0,0.625
 85,18960,19178.0,0.875
 81,18960,19178.0,0.875
 62,19200,19418.0,0.875
 61,19440,19658.0,0.875
 62,19680,19789.0,0.5
 62,19800,19909.0,0.5
 61,19920,20138.0,0.875
 68,22080,22298.0,0.875
 67,22320,22484.0,0.625
 62,23040,23258.0,0.875
 61,23280,23498.0,0.875
 62,23520,23629.0,0.5
 62,23640,23749.0,0.5
 61,23760,23978.0,0.875
 62,25920,26138.0,0.875
 59,26160,26324.0,0.625
 85,26640,26858.0,0.875
 81,26640,26858.0,0.875
 62,26880,27098.0,0.875
 61,27120,27338.0,0.875
 62,27360,27469.0,0.5
 62,27480,27589.0,0.5
 61,27600,27818.0,0.875
 68,29760,29978.0,0.875
 67,30000,30164.0,0.625
 86,50640,50741.0,0.375
 86,50760,50861.0,0.375
 79,51360,51586.0,1.0
 76,51360,51586.0,1.0
 85,51360,51586.0,1.0
 88,52560,52661.0,0.375
 88,52680,52781.0,0.375
 90,53280,53506.0,1.0
 81,53280,53506.0,1.0
 86,53280,53506.0,1.0
 86,54480,54581.0,0.375
 86,54600,54701.0,0.375
 79,55200,55426.0,1.0
 74,55200,55426.0,1.0
 83,55200,55426.0,1.0
 74,56640,56741.0,0.375
 68,56760,56861.0,0.375
 62,57600,57818.0,0.875
 61,57840,58058.0,0.875
 62,58080,58181.0,0.375
 62,58200,58301.0,0.375
 61,58320,58538.0,0.875
 50,0,109.0,0.5
 62,120,229.0,0.5
 57,120,229.0,0.5
 66,120,229.0,0.5
 62,360,469.0,0.5
 66,360,469.0,0.5
 57,360,469.0,0.5
 50,480,589.0,0.5
 57,600,709.0,0.5
 62,600,709.0,0.5
 66,600,709.0,0.5
 66,840,941.0,0.375
 62,840,941.0,0.375
 57,840,941.0,0.375
 50,960,1069.0,0.5
 57,1080,1189.0,0.5
 66,1080,1189.0,0.5
 62,1080,1189.0,0.5
 54,1200,1309.0,0.5
 57,1320,1421.0,0.375
 66,1320,1421.0,0.375
 60,1320,1421.0,0.375
 52,1440,1549.0,0.5
 61,1560,1669.0,0.5
 67,1560,1669.0,0.5
 57,1560,1669.0,0.5
 57,1800,1909.0,0.5
 67,1800,1909.0,0.5
 61,1800,1909.0,0.5
 52,1920,2029.0,0.5
 67,2040,2149.0,0.5
 61,2040,2149.0,0.5
 57,2040,2149.0,0.5
 61,2280,2389.0,0.5
 67,2280,2389.0,0.5
 57,2280,2389.0,0.5
 52,2400,2509.0,0.5
 67,2520,2629.0,0.5
 61,2520,2629.0,0.5
 57,2520,2629.0,0.5
 49,2640,2695.0,0.25
 52,2880,2989.0,0.5
 61,3000,3109.0,0.5
 67,3000,3109.0,0.5
 57,3120,3223.0,0.375
 59,3240,3343.0,0.375
 57,3360,3469.0,0.5
 66,3480,3581.0,0.375
 62,3480,3581.0,0.375
 49,3720,3775.0,0.25
 52,3780,3835.0,0.25
 50,3840,3949.0,0.5
 66,3960,4069.0,0.5
 57,3960,4069.0,0.5
 62,3960,4069.0,0.5
 62,4200,4309.0,0.5
 66,4200,4309.0,0.5
 57,4200,4309.0,0.5
 50,4320,4429.0,0.5
 66,4440,4549.0,0.5
 62,4440,4549.0,0.5
 57,4440,4549.0,0.5
 66,4680,4781.0,0.375
 62,4680,4781.0,0.375
 57,4680,4781.0,0.375
 50,4800,4909.0,0.5
 62,4920,5029.0,0.5
 57,4920,5029.0,0.5
 66,4920,5029.0,0.5
 54,5040,5095.0,0.25
 55,5100,5150.0,0.25
 57,5160,5261.0,0.375
 55,5280,5389.0,0.5
 59,5400,5509.0,0.5
 62,5400,5509.0,0.5
 52,5520,5629.0,0.5
 59,5640,5749.0,0.5
 64,5640,5749.0,0.5
 55,5760,5866.0,0.5
 52,5880,5986.0,0.5
 54,6000,6106.0,0.5
 50,6120,6226.0,0.5
 51,6240,6346.0,0.5
 49,6960,7069.0,0.5
 50,7200,7309.0,0.5
 57,7320,7375.0,0.25
 59,7380,7435.0,0.25
 57,7440,7495.0,0.25
 55,7500,7555.0,0.25
 54,7560,7615.0,0.25
 52,7620,7675.0,0.25
 50,7680,7789.0,0.5
 62,7800,7909.0,0.5
 57,7800,7909.0,0.5
 66,7800,7909.0,0.5
 62,8040,8149.0,0.5
 66,8040,8149.0,0.5
 57,8040,8149.0,0.5
 50,8160,8269.0,0.5
 57,8280,8389.0,0.5
 62,8280,8389.0,0.5
 66,8280,8389.0,0.5
 66,8520,8621.0,0.375
 62,8520,8621.0,0.375
 57,8520,8621.0,0.375
 50,8640,8749.0,0.5
 57,8760,8869.0,0.5
 66,8760,8869.0,0.5
 62,8760,8869.0,0.5
 54,8880,8989.0,0.5
 57,9000,9101.0,0.375
 66,9000,9101.0,0.375
 60,9000,9101.0,0.375
 52,9120,9229.0,0.5
 61,9240,9349.0,0.5
 67,9240,9349.0,0.5
 57,9240,9349.0,0.5
 57,9480,9589.0,0.5
 67,9480,9589.0,0.5
 61,9480,9589.0,0.5
 52,9600,9709.0,0.5
 67,9720,9829.0,0.5
 61,9720,9829.0,0.5
 57,9720,9829.0,0.5
 61,9960,10069.0,0.5
 67,9960,10069.0,0.5
 57,9960,10069.0,0.5
 52,10080,10189.0,0.5
 67,10200,10309.0,0.5
 61,10200,10309.0,0.5
 57,10200,10309.0,0.5
 49,10320,10375.0,0.25
 52,10560,10669.0,0.5
 61,10680,10789.0,0.5
 67,10680,10789.0,0.5
 57,10800,10903.0,0.375
 59,10920,11023.0,0.375
 57,11040,11149.0,0.5
 66,11160,11261.0,0.375
 62,11160,11261.0,0.375
 49,11400,11455.0,0.25
 52,11460,11515.0,0.25
 50,11520,11629.0,0.5
 66,11640,11749.0,0.5
 57,11640,11749.0,0.5
 62,11640,11749.0,0.5
 62,11880,11989.0,0.5
 66,11880,11989.0,0.5
 57,11880,11989.0,0.5
 50,12000,12109.0,0.5
 66,12120,12229.0,0.5
 62,12120,12229.0,0.5
 57,12120,12229.0,0.5
 66,12360,12461.0,0.375
 62,12360,12461.0,0.375
 57,12360,12461.0,0.375
 50,12480,12589.0,0.5
 62,12600,12709.0,0.5
 57,12600,12709.0,0.5
 66,12600,12709.0,0.5
 54,12720,12775.0,0.25
 55,12780,12830.0,0.25
 57,12840,12941.0,0.375
 55,12960,13069.0,0.5
 59,13080,13189.0,0.5
 62,13080,13189.0,0.5
 52,13200,13309.0,0.5
 59,13320,13429.0,0.5
 64,13320,13429.0,0.5
 55,13440,13546.0,0.5
 52,13560,13666.0,0.5
 54,13680,13786.0,0.5
 50,13800,13906.0,0.5
 51,13920,14026.0,0.5
 49,14640,14749.0,0.5
 50,14880,14983.0,0.375
 57,15360,15461.0,0.375
 50,15360,15461.0,0.375
 53,15360,15461.0,0.375
 57,15480,15581.0,0.375
 50,15480,15581.0,0.375
 53,15480,15581.0,0.375
 55,15600,15701.0,0.375
 52,15600,15701.0,0.375
 57,15600,15701.0,0.375
 52,15720,15821.0,0.375
 55,15720,15821.0,0.375
 57,15720,15821.0,0.375
 57,15840,15941.0,0.375
 53,15840,15941.0,0.375
 50,15840,15941.0,0.375
 57,15960,16061.0,0.375
 50,15960,16061.0,0.375
 53,15960,16061.0,0.375
 55,16080,16181.0,0.375
 52,16080,16181.0,0.375
 57,16080,16181.0,0.375
 55,16200,16301.0,0.375
 57,16200,16301.0,0.375
 52,16200,16301.0,0.375
 57,16320,16421.0,0.375
 53,16320,16421.0,0.375
 50,16320,16421.0,0.375
 50,16440,16549.0,0.5
 62,16440,16549.0,0.5
 61,16560,16669.0,0.5
 52,16560,16669.0,0.5
 54,16680,16789.0,0.5
 60,16680,16789.0,0.5
 55,16800,16909.0,0.5
 58,16800,16909.0,0.5
 58,16920,17029.0,0.5
 62,16920,17029.0,0.5
 55,17040,17149.0,0.5
 58,17160,17269.0,0.5
 57,17280,17389.0,0.5
 57,17400,17509.0,0.5
 61,17400,17509.0,0.5
 55,17400,17509.0,0.5
 57,17640,17749.0,0.5
 55,17640,17749.0,0.5
 61,17640,17749.0,0.5
 50,17760,17869.0,0.5
 57,17880,17989.0,0.5
 62,17880,17989.0,0.5
 53,17880,17989.0,0.5
 50,18000,18109.0,0.5
 50,19200,19301.0,0.375
 54,19200,19301.0,0.375
 57,19200,19301.0,0.375
 50,19320,19421.0,0.375
 54,19320,19421.0,0.375
 57,19320,19421.0,0.375
 57,19440,19541.0,0.375
 55,19440,19541.0,0.375
 52,19440,19541.0,0.375
 55,19560,19661.0,0.375
 57,19560,19661.0,0.375
 52,19560,19661.0,0.375
 54,19680,19781.0,0.375
 50,19680,19781.0,0.375
 57,19680,19781.0,0.375
 57,19800,19901.0,0.375
 50,19800,19901.0,0.375
 54,19800,19901.0,0.375
 55,19920,20021.0,0.375
 57,19920,20021.0,0.375
 52,19920,20021.0,0.375
 57,20040,20141.0,0.375
 52,20040,20141.0,0.375
 55,20040,20141.0,0.375
 50,20160,20280.0,0.5
 57,20160,20280.0,0.5
 54,20160,20280.0,0.5
 55,20640,20749.0,0.5
 59,20760,20869.0,0.5
 55,20760,20869.0,0.5
 50,20760,20869.0,0.5
 50,20880,20989.0,0.5
 59,21000,21101.0,0.375
 55,21000,21101.0,0.375
 50,21000,21101.0,0.375
 48,21300,21355.0,0.25
 50,21360,21415.0,0.25
 53,21420,21475.0,0.25
 58,21480,21535.0,0.25
 56,21540,21595.0,0.25
 57,21600,21655.0,0.25
 66,21660,21715.0,0.25
 62,21720,21775.0,0.25
 57,21780,21835.0,0.25
 54,21840,21895.0,0.25
 50,21900,21955.0,0.25
 55,22800,23011.0,0.875
 52,22800,23011.0,0.875
 49,22800,23011.0,0.875
 57,23040,23141.0,0.375
 50,23040,23141.0,0.375
 53,23040,23141.0,0.375
 57,23160,23261.0,0.375
 50,23160,23261.0,0.375
 53,23160,23261.0,0.375
 55,23280,23381.0,0.375
 52,23280,23381.0,0.375
 57,23280,23381.0,0.375
 52,23400,23501.0,0.375
 55,23400,23501.0,0.375
 57,23400,23501.0,0.375
 57,23520,23621.0,0.375
 53,23520,23621.0,0.375
 50,23520,23621.0,0.375
 57,23640,23741.0,0.375
 50,23640,23741.0,0.375
 53,23640,23741.0,0.375
 55,23760,23861.0,0.375
 52,23760,23861.0,0.375
 57,23760,23861.0,0.375
 55,23880,23981.0,0.375
 57,23880,23981.0,0.375
 52,23880,23981.0,0.375
 57,24000,24101.0,0.375
 53,24000,24101.0,0.375
 50,24000,24101.0,0.375
 50,24120,24229.0,0.5
 62,24120,24229.0,0.5
 61,24240,24349.0,0.5
 52,24240,24349.0,0.5
 54,24360,24469.0,0.5
 60,24360,24469.0,0.5
 55,24480,24589.0,0.5
 58,24480,24589.0,0.5
 58,24600,24709.0,0.5
 62,24600,24709.0,0.5
 55,24720,24829.0,0.5
 58,24840,24949.0,0.5
 57,24960,25069.0,0.5
 57,25080,25189.0,0.5
 61,25080,25189.0,0.5
 55,25080,25189.0,0.5
 57,25320,25429.0,0.5
 55,25320,25429.0,0.5
 61,25320,25429.0,0.5
 50,25440,25549.0,0.5
 57,25560,25669.0,0.5
 62,25560,25669.0,0.5
 53,25560,25669.0,0.5
 50,25680,25789.0,0.5
 50,26880,26981.0,0.375
 54,26880,26981.0,0.375
 57,26880,26981.0,0.375
 50,27000,27101.0,0.375
 54,27000,27101.0,0.375
 57,27000,27101.0,0.375
 57,27120,27221.0,0.375
 55,27120,27221.0,0.375
 52,27120,27221.0,0.375
 55,27240,27341.0,0.375
 57,27240,27341.0,0.375
 52,27240,27341.0,0.375
 54,27360,27461.0,0.375
 50,27360,27461.0,0.375
 57,27360,27461.0,0.375
 57,27480,27581.0,0.375
 50,27480,27581.0,0.375
 54,27480,27581.0,0.375
 55,27600,27701.0,0.375
 57,27600,27701.0,0.375
 52,27600,27701.0,0.375
 57,27720,27821.0,0.375
 52,27720,27821.0,0.375
 55,27720,27821.0,0.375
 50,27840,27960.0,0.5
 57,27840,27960.0,0.5
 54,27840,27960.0,0.5
 55,28320,28429.0,0.5
 59,28440,28549.0,0.5
 55,28440,28549.0,0.5
 50,28440,28549.0,0.5
 50,28560,28669.0,0.5
 59,28680,28781.0,0.375
 55,28680,28781.0,0.375
 50,28680,28781.0,0.375
 48,28980,29035.0,0.25
 50,29040,29095.0,0.25
 53,29100,29155.0,0.25
 58,29160,29215.0,0.25
 56,29220,29275.0,0.25
 57,29280,29335.0,0.25
 66,29340,29395.0,0.25
 62,29400,29455.0,0.25
 57,29460,29515.0,0.25
 54,29520,29575.0,0.25
 50,29580,29635.0,0.25
 50,30480,30672.0,0.75
 59,30720,30829.0,0.5
 52,30840,30949.0,0.5
 62,30840,30949.0,0.5
 56,30840,30949.0,0.5
 52,30960,31069.0,0.5
 56,31080,31189.0,0.5
 62,31080,31189.0,0.5
 52,31080,31189.0,0.5
 59,31200,31309.0,0.5
 56,31320,31429.0,0.5
 62,31320,31429.0,0.5
 52,31320,31429.0,0.5
 52,31440,31549.0,0.5
 52,31560,31669.0,0.5
 62,31560,31669.0,0.5
 56,31560,31669.0,0.5
 57,31680,31789.0,0.5
 61,31800,31909.0,0.5
 57,31800,31909.0,0.5
 52,31800,31909.0,0.5
 52,31920,32029.0,0.5
 61,32040,32149.0,0.5
 57,32040,32149.0,0.5
 52,32040,32149.0,0.5
 57,32160,32269.0,0.5
 61,32280,32389.0,0.5
 57,32280,32389.0,0.5
 52,32280,32389.0,0.5
 61,32400,32509.0,0.5
 49,32400,32509.0,0.5
 57,32520,32629.0,0.5
 52,32640,32858.0,0.875
 54,32880,32983.0,0.375
 55,33000,33103.0,0.375
 56,33120,33223.0,0.375
 59,33240,33343.0,0.375
 52,33360,33463.0,0.375
 64,33360,33463.0,0.375
 52,33480,33583.0,0.375
 57,33600,33703.0,0.375
 52,33720,33823.0,0.375
 61,33720,33823.0,0.375
 57,33720,33823.0,0.375
 54,33840,34046.0,0.875
 57,33840,34046.0,0.875
 62,33840,34046.0,0.875
 57,34080,34189.0,0.5
 64,34080,34189.0,0.5
 61,34080,34189.0,0.5
 52,34200,34309.0,0.5
 61,34320,34429.0,0.5
 49,34320,34429.0,0.5
 60,34440,34549.0,0.5
 48,34440,34549.0,0.5
 59,34560,34669.0,0.5
 62,34680,34789.0,0.5
 52,34680,34789.0,0.5
 56,34680,34789.0,0.5
 52,34800,34909.0,0.5
 56,34920,35029.0,0.5
 52,34920,35029.0,0.5
 62,34920,35029.0,0.5
 59,35040,35149.0,0.5
 62,35160,35269.0,0.5
 52,35160,35269.0,0.5
 56,35160,35269.0,0.5
 52,35280,35389.0,0.5
 62,35400,35509.0,0.5
 52,35400,35509.0,0.5
 56,35400,35509.0,0.5
 57,35520,35629.0,0.5
 61,35640,35749.0,0.5
 57,35640,35749.0,0.5
 52,35640,35749.0,0.5
 52,35760,35869.0,0.5
 57,35880,35989.0,0.5
 52,35880,35989.0,0.5
 61,35880,35989.0,0.5
 57,36000,36109.0,0.5
 49,36120,36229.0,0.5
 61,36120,36229.0,0.5
 59,36240,36349.0,0.5
 57,36360,36469.0,0.5
 56,36480,36589.0,0.5
 49,36600,36709.0,0.5
 59,36600,36709.0,0.5
 56,36600,36709.0,0.5
 49,36720,36829.0,0.5
 56,36840,36949.0,0.5
 49,36840,36949.0,0.5
 59,36840,36949.0,0.5
 56,36960,37069.0,0.5
 59,37080,37189.0,0.5
 56,37080,37189.0,0.5
 49,37080,37189.0,0.5
 49,37200,37309.0,0.5
 53,37320,37429.0,0.5
 54,37440,37604.0,0.625
 54,37620,37675.0,0.25
 53,37680,37789.0,0.5
 49,37800,37909.0,0.5
 50,37920,38029.0,0.5
 54,38040,38149.0,0.5
 57,38160,38269.0,0.5
 50,38280,38389.0,0.5
 62,38280,38389.0,0.5
 49,38400,38509.0,0.5
 61,38400,38509.0,0.5
 64,38520,38629.0,0.5
 61,38520,38629.0,0.5
 57,38520,38629.0,0.5
 57,38640,38749.0,0.5
 57,38760,38869.0,0.5
 52,38760,38869.0,0.5
 61,38760,38869.0,0.5
 59,38880,38989.0,0.5
 52,39000,39109.0,0.5
 56,39000,39109.0,0.5
 62,39000,39109.0,0.5
 52,39120,39229.0,0.5
 56,39240,39349.0,0.5
 62,39240,39349.0,0.5
 52,39240,39349.0,0.5
 57,39360,39469.0,0.5
 66,39480,39535.0,0.25
 54,39480,39535.0,0.25
 52,39540,39655.0,0.5
 64,39540,39655.0,0.5
 49,39660,39715.0,0.25
 61,39660,39715.0,0.25
 59,39720,39821.0,0.375
 57,39840,40046.0,0.875
 61,40080,40186.0,0.5
 49,40080,40186.0,0.5
 58,40200,40301.0,0.375
 59,40320,40429.0,0.5
 52,40440,40549.0,0.5
 62,40440,40549.0,0.5
 56,40440,40549.0,0.5
 52,40560,40669.0,0.5
 56,40680,40789.0,0.5
 62,40680,40789.0,0.5
 52,40680,40789.0,0.5
 59,40800,40909.0,0.5
 56,40920,41029.0,0.5
 62,40920,41029.0,0.5
 52,40920,41029.0,0.5
 52,41040,41149.0,0.5
 52,41160,41269.0,0.5
 62,41160,41269.0,0.5
 56,41160,41269.0,0.5
 57,41280,41389.0,0.5
 61,41400,41509.0,0.5
 57,41400,41509.0,0.5
 52,41400,41509.0,0.5
 52,41520,41629.0,0.5
 61,41640,41749.0,0.5
 57,41640,41749.0,0.5
 52,41640,41749.0,0.5
 57,41760,41869.0,0.5
 61,41880,41989.0,0.5
 57,41880,41989.0,0.5
 52,41880,41989.0,0.5
 61,42000,42109.0,0.5
 49,42000,42109.0,0.5
 57,42120,42229.0,0.5
 52,42240,42458.0,0.875
 54,42480,42583.0,0.375
 55,42600,42703.0,0.375
 56,42720,42823.0,0.375
 59,42840,42943.0,0.375
 52,42960,43063.0,0.375
 64,42960,43063.0,0.375
 52,43080,43183.0,0.375
 57,43200,43303.0,0.375
 52,43320,43423.0,0.375
 61,43320,43423.0,0.375
 57,43320,43423.0,0.375
 54,43440,43646.0,0.875
 57,43440,43646.0,0.875
 62,43440,43646.0,0.875
 57,43680,43789.0,0.5
 64,43680,43789.0,0.5
 61,43680,43789.0,0.5
 52,43800,43909.0,0.5
 61,43920,44029.0,0.5
 49,43920,44029.0,0.5
 60,44040,44149.0,0.5
 48,44040,44149.0,0.5
 59,44160,44269.0,0.5
 62,44280,44389.0,0.5
 52,44280,44389.0,0.5
 56,44280,44389.0,0.5
 52,44400,44509.0,0.5
 56,44520,44629.0,0.5
 52,44520,44629.0,0.5
 62,44520,44629.0,0.5
 59,44640,44749.0,0.5
 62,44760,44869.0,0.5
 52,44760,44869.0,0.5
 56,44760,44869.0,0.5
 52,44880,44989.0,0.5
 62,45000,45109.0,0.5
 52,45000,45109.0,0.5
 56,45000,45109.0,0.5
 57,45120,45229.0,0.5
 61,45240,45349.0,0.5
 57,45240,45349.0,0.5
 52,45240,45349.0,0.5
 52,45360,45469.0,0.5
 57,45480,45589.0,0.5
 52,45480,45589.0,0.5
 61,45480,45589.0,0.5
 57,45600,45709.0,0.5
 49,45720,45829.0,0.5
 61,45720,45829.0,0.5
 59,45840,45949.0,0.5
 57,45960,46069.0,0.5
 56,46080,46189.0,0.5
 49,46200,46309.0,0.5
 59,46200,46309.0,0.5
 56,46200,46309.0,0.5
 49,46320,46429.0,0.5
 56,46440,46549.0,0.5
 49,46440,46549.0,0.5
 59,46440,46549.0,0.5
 56,46560,46669.0,0.5
 59,46680,46789.0,0.5
 56,46680,46789.0,0.5
 49,46680,46789.0,0.5
 49,46800,46909.0,0.5
 53,46920,47029.0,0.5
 54,47040,47204.0,0.625
 54,47220,47275.0,0.25
 53,47280,47389.0,0.5
 49,47400,47509.0,0.5
 50,47520,47629.0,0.5
 54,47640,47749.0,0.5
 57,47760,47869.0,0.5
 50,47880,47989.0,0.5
 62,47880,47989.0,0.5
 49,48000,48109.0,0.5
 61,48000,48109.0,0.5
 64,48120,48229.0,0.5
 61,48120,48229.0,0.5
 57,48120,48229.0,0.5
 57,48240,48349.0,0.5
 57,48360,48469.0,0.5
 52,48360,48469.0,0.5
 61,48360,48469.0,0.5
 59,48480,48589.0,0.5
 52,48600,48709.0,0.5
 56,48600,48709.0,0.5
 62,48600,48709.0,0.5
 52,48720,48829.0,0.5
 56,48840,48949.0,0.5
 62,48840,48949.0,0.5
 52,48840,48949.0,0.5
 57,48960,49069.0,0.5
 54,49080,49130.0,0.25
 66,49080,49130.0,0.25
 64,49140,49255.0,0.5
 52,49140,49255.0,0.5
 49,49260,49310.0,0.25
 61,49260,49310.0,0.25
 59,49320,49411.0,0.375
 57,49440,49608.0,0.75
 50,49920,50029.0,0.5
 66,50040,50149.0,0.5
 57,50040,50149.0,0.5
 62,50040,50149.0,0.5
 62,50280,50389.0,0.5
 66,50280,50389.0,0.5
 57,50280,50389.0,0.5
 50,50400,50509.0,0.5
 66,50520,50629.0,0.5
 62,50520,50629.0,0.5
 57,50520,50629.0,0.5
 66,50760,50861.0,0.375
 62,50760,50861.0,0.375
 57,50760,50861.0,0.375
 50,50880,50989.0,0.5
 62,51000,51109.0,0.5
 66,51000,51109.0,0.5
 57,51000,51109.0,0.5
 54,51120,51229.0,0.5
 57,51240,51341.0,0.375
 66,51240,51341.0,0.375
 60,51240,51341.0,0.375
 52,51360,51469.0,0.5
 57,51480,51589.0,0.5
 61,51480,51589.0,0.5
 67,51480,51589.0,0.5
 57,51720,51829.0,0.5
 67,51720,51829.0,0.5
 61,51720,51829.0,0.5
 52,51840,51949.0,0.5
 57,51960,52069.0,0.5
 61,51960,52069.0,0.5
 67,51960,52069.0,0.5
 61,52200,52309.0,0.5
 67,52200,52309.0,0.5
 57,52200,52309.0,0.5
 52,52320,52429.0,0.5
 61,52440,52549.0,0.5
 57,52440,52549.0,0.5
 67,52440,52549.0,0.5
 49,52560,52615.0,0.25
 52,52800,52909.0,0.5
 61,52920,53029.0,0.5
 67,52920,53029.0,0.5
 57,53040,53143.0,0.375
 58,53160,53263.0,0.375
 57,53280,53389.0,0.5
 62,53400,53501.0,0.375
 66,53400,53501.0,0.375
 49,53640,53695.0,0.25
 52,53700,53755.0,0.25
 50,53760,53869.0,0.5
 62,53880,53989.0,0.5
 57,53880,53989.0,0.5
 66,53880,53989.0,0.5
 62,54120,54229.0,0.5
 66,54120,54229.0,0.5
 57,54120,54229.0,0.5
 50,54240,54349.0,0.5
 57,54360,54469.0,0.5
 62,54360,54469.0,0.5
 66,54360,54469.0,0.5
 66,54600,54701.0,0.375
 62,54600,54701.0,0.375
 57,54600,54701.0,0.375
 50,54720,54829.0,0.5
 57,54840,54949.0,0.5
 66,54840,54949.0,0.5
 62,54840,54949.0,0.5
 54,54960,55015.0,0.25
 55,55020,55070.0,0.25
 57,55080,55181.0,0.375
 55,55200,55309.0,0.5
 62,55320,55429.0,0.5
 59,55320,55429.0,0.5
 52,55440,55549.0,0.5
 59,55560,55669.0,0.5
 64,55560,55669.0,0.5
 55,55680,55786.0,0.5
 52,55800,55906.0,0.5
 54,55920,56026.0,0.5
 50,56040,56146.0,0.5
 51,56160,56266.0,0.5
 49,56880,56989.0,0.5
 50,57120,57223.0,0.375
 54,57600,57701.0,0.375
 50,57600,57701.0,0.375
 57,57600,57701.0,0.375
 57,57720,57821.0,0.375
 50,57720,57821.0,0.375
 54,57720,57821.0,0.375
 55,57840,57941.0,0.375
 57,57840,57941.0,0.375
 52,57840,57941.0,0.375
 55,57960,58061.0,0.375
 52,57960,58061.0,0.375
 57,57960,58061.0,0.375
 54,58080,58181.0,0.375
 50,58080,58181.0,0.375
 57,58080,58181.0,0.375
 50,58200,58301.0,0.375
 54,58200,58301.0,0.375
 57,58200,58301.0,0.375
 55,58320,58421.0,0.375
 57,58320,58421.0,0.375
 52,58320,58421.0,0.375
 57,58440,58541.0,0.375
 52,58440,58541.0,0.375
 55,58440,58541.0,0.375
 50,58560,59640.0,1.0
 57,58560,59640.0,1.0
 54,58560,59640.0,1.0
 54,59280,,
 50,59280,59640.0,1.0
>>>>>>> 1997a6d50c912dd605e3c02e09e654631aca7366
